Workbook

Sheet PENERIMAAN OBAT PKD
A1: DAFTAR PENERIMAAN OBAT PKD
A2: UPT PUSKESMAS SUKAMAJU
A3: TAHUN 2026
A5: Bulan Januari | N5: 12
A6: NO | B6: Nama Obat | C6: SATUAN | D6: PENERIMAAN OBAT | H6: TOTAL
D7: 46114 | E7: 46267
A8: 1 | B8: 2 | C8: 3 | D8: 4 | E8: 5 | F8: 6 | G8: 7 | H8: 8
A9: 1 | B9: Air untuk injeksi amp 25 ml | C9: Ampul | D9: 30 | H9: =SUM(D9:G9) -> 30
A10: =A9+1 -> 2 | B10: Alopurinol tab 300 mg | C10: Ktk @ 100 tablet | D10: 500 | H10: =SUM(D10:G10) -> 500
A11: =A10+1 -> 3 | B11: Ambroxol Sirup | C11: Botol | H11: =SUM(D11:G11) -> 0
A12: =A11+1 -> 4 | B12: Amlodipin tab 5 mg | C12: Ktk 50 Tablet | D12: 2000 | H12: =SUM(D12:G12) -> 2000
A13: =A12+1 -> 5 | B13: Amlodipin Tablet 10 mg | C13: Tablet | D13: 3000 | H13: =SUM(D13:G13) -> 3000
A14: =A13+1 -> 6 | B14: Amoksisilin sirup kering 125 mg/5 ml | C14: Botol | H14: =SUM(D14:G14) -> 0
A15: =A14+1 -> 7 | B15: Amoksisilin tab 500 mg | C15: Ktk @100 kaplet | D15: 1500 | H15: =SUM(D15:G15) -> 1500
A16: =A15+1 -> 8 | B16: Anestetik lokal gigi kombinasi : lidokain hcl 2% + epinefrin 1 : 80.000 inj 2 ml | C16: Ampul | D16: 100 | H16: =SUM(D16:G16) -> 100
A17: =A16+1 -> 9 | B17: Antasida, kombinasi : aluminium hidroksida 200 mg + magnesium hidroksida 200 mg | C17: Btl 60 ml | D17: 50 | H17: =SUM(D17:G17) -> 50
A18: =A17+1 -> 10 | B18: Antasida, kombinasi : aluminium hidroksida 200 mg + magnesium hidroksida 200 mg | C18: Ktk @ 100 tablet | D18: 1000 | H18: =SUM(D18:G18) -> 1000
A19: =A18+1 -> 11 | B19: Anti Tetanus Serum ( ATS ) 1500 IU | C19: Ampul | H19: =SUM(D19:G19) -> 0
A20: =A19+1 -> 12 | B20: Antihemoroid, kombinasi: bismut subgalat 150 mg + heksaklorofen 2,5 mg + lidokain lidokain 10 mg+ seng oksida 120 mg + sup ad 2 g | C20: Suppositoria | H20: =SUM(D20:G20) -> 0
A21: =A20+1 -> 13 | B21: Asam asetilsalisilat tab 80 mg (Miniaspi) | C21: Ktk @ 100 tablet | H21: =SUM(D21:G21) -> 0
A22: =A21+1 -> 14 | B22: Asam askorbat (vitamin C) tab 250 mg | C22: Ktk @ 100 tablet | H22: =SUM(D22:G22) -> 0
A23: =A22+1 -> 15 | B23: Asam askorbat (vitamin C) tab 50 mg | C23: Ktk @ 100 tablet | H23: =SUM(D23:G23) -> 0
A24: =A23+1 -> 16 | B24: Asam mefenamat kaps 500 mg | C24: Ktk @ 100 tablet | D24: 1500 | H24: =SUM(D24:G24) -> 1500
A25: =A24+1 -> 17 | B25: Asam traneksamat inj 50 mg/ml | C25: Ampul | H25: =SUM(D25:G25) -> 0
A26: =A25+1 -> 18 | B26: Asiklovir Krim | C26: tube | D26: 25 | H26: =SUM(D26:G26) -> 25
A27: =A26+1 -> 19 | B27: Asiklovir tab 400 mg | C27: Ktk 5 x 10 Tablet | H27: =SUM(D27:G27) -> 0
A28: =A27+1 -> 20 | B28: Atapulgit ( New Antides ) tab 600 mg | C28: Ktk 150 Tablet | H28: =SUM(D28:G28) -> 0
A29: =A28+1 -> 21 | B29: Atorvastatin 20 mg | C29: Tablet | D29: 2000 | H29: =SUM(D29:G29) -> 2000
A30: =A29+1 -> 22 | B30: Atropin inj 0,25 mg/ml (i.m./i.v./s.k) | C30: Ampul | H30: =SUM(D30:G30) -> 0
A31: =A30+1 -> 23 | B31: Bedak Salicyl 2 % 60 gr | C31: Pot | H31: =SUM(D31:G31) -> 0
A32: =A31+1 -> 24 | B32: Betahistin Mesilat tab 6 mg | C32: Ktk 10 x 10 tablet | H32: =SUM(D32:G32) -> 0
A33: =A32+1 -> 25 | B33: Betametason krim 0,1% | C33: tube @ 5 gram | H33: =SUM(D33:G33) -> 0
A34: =A33+1 -> 26 | B34: Bisakodil sup 10 mg ( Dulcolax ) | C34: Suppositoria | H34: =SUM(D34:G34) -> 0
A35: =A34+1 -> 27 | B35: Bisakodil sup 5 mg ( Dulcolax ) | C35: Suppositoria | H35: =SUM(D35:G35) -> 0
A36: =A35+1 -> 28 | B36: Colcitin 0.5 gr | C36: Ktk 30 tab | H36: =SUM(D36:G36) -> 0
A37: =A36+1 -> 29 | B37: Deksametason tab 0,5 mg | C37: Ktk @ 100 tablet | E37: 1500 | H37: =SUM(D37:G37) -> 1500
A38: =A37+1 -> 30 | B38: Deksametason inj 5 mg/ml (i.v./i.m.) | C38: Ampul | H38: =SUM(D38:G38) -> 0
A39: =A38+1 -> 31 | B39: Dextrose 40% | C39: Botol | H39: =SUM(D39:G39) -> 0
A40: =A39+1 -> 32 | B40: Diazepam inj 10 mg/ 2 ml ( i v./i.m .) stesolid | C40: Ampul @ 2 ml | H40: =SUM(D40:G40) -> 0
A41: =A40+1 -> 33 | B41: Diazepam lar rektal 5 mg/2,5 ml ( Stesolid ) | C41: Tube 5 mg/2,5 ml | H41: =SUM(D41:G41) -> 0
A42: =A41+1 -> 34 | B42: Diazepam tab 2 mg | C42: Btl 100 tablet | H42: =SUM(D42:G42) -> 0
A43: =A42+1 -> 35 | B43: Difenhidramin inj 10 mg/ml (i.v./i.m.) | C43: Ampul @ 2 ml | H43: =SUM(D43:G43) -> 0
A44: =A43+1 -> 36 | B44: Dimenhidrinat tab 50 mg | C44: Ktk @ 100 tablet | D44: 400 | H44: =SUM(D44:G44) -> 400
A45: =A44+1 -> 37 | B45: Doksisiklin kaps 100 mg | C45: Ktk @100 kapsul | H45: =SUM(D45:G45) -> 0
A46: =A45+1 -> 38 | B46: Domperidon susp 5 mg/5 ml | C46: Botol | D46: 50 | H46: =SUM(D46:G46) -> 50
A47: =A46+1 -> 39 | B47: Epinefrin (adrenalin) inj 0,1% (i.v./s.k./i.m.) | C47: Ampul | H47: =SUM(D47:G47) -> 0
A48: =A47+1 -> 40 | B48: Ethyl Chloride | C48: Botol | H48: =SUM(D48:G48) -> 0
A49: =A48+1 -> 41 | B49: Fenobarbital tablet | C49: Ktk 100 tablet | H49: =SUM(D49:G49) -> 0
A50: =A49+1 -> 42 | B50: Fitomenadion (vitamin K 1) injeksi 2 mg/ ml | C50: Ampul @ 2 ml | H50: =SUM(D50:G50) -> 0
A51: =A50+1 -> 43 | B51: Fitomenadion (vitamin K 1) tab sal 10 mg | C51: Ktk @ 100 tablet | H51: =SUM(D51:G51) -> 0
A52: =A51+1 -> 44 | B52: Furosemid Inj 10 mg/ml | C52: Ampul @ 2 ml | H52: =SUM(D52:G52) -> 0
A53: =A52+1 -> 45 | B53: Furosemida 40 mg tablet | C53: Ktk 200 tablet | H53: =SUM(D53:G53) -> 0
A54: =A53+1 -> 46 | B54: Garam Oralit | C54: Sacshet | H54: =SUM(D54:G54) -> 0
A55: =A54+1 -> 47 | B55: Gentamicin Salep Kulit ( Gentalex Krim ) | C55: Tube 5 gram | H55: =SUM(D55:G55) -> 0
A56: =A55+1 -> 48 | B56: Glimepirid tab 2 mg | C56: Ktk @ 100 tablet | D56: 1000 | H56: =SUM(D56:G56) -> 1000
A57: =A56+1 -> 49 | B57: Gliseril guaiakolat tablet 100 mg / Guaifenasin tablet | C57: Ktk @ 100 tablet | H57: =SUM(D57:G57) -> 0
A58: =A57+1 -> 50 | B58: Glukosa Larutan Infus 5 % steril | C58: Botol 500 ml | H58: =SUM(D58:G58) -> 0
A59: =A58+1 -> 51 | B59: Haloperidol tab 1,5 mg | C59: Ktk @ 100 tablet | H59: =SUM(D59:G59) -> 0
A60: =A59+1 -> 52 | B60: Haloperidol tab 5 mg | C60: Ktk @ 100 tablet | H60: =SUM(D60:G60) -> 0
A61: =A60+1 -> 53 | B61: Hidrokortison krim 2,5% | C61: tube @ 5 gram | H61: =SUM(D61:G61) -> 0
A62: =A61+1 -> 54 | B62: Hiosina butilbromida tab 10 mg ( Buscopan ) | C62: Ktk 10 x 10 Tablet | D62: 300 | H62: =SUM(D62:G62) -> 300
A63: =A62+1 -> 55 | B63: Ibuprofen sir 100 mg/5 ml | C63: Botol | H63: =SUM(D63:G63) -> 0
A64: =A63+1 -> 56 | B64: Ibuprofen tab 400 mg | C64: Ktk 100 tablet | D64: 1500 | H64: =SUM(D64:G64) -> 1500
A65: =A64+1 -> 57 | B65: Isosorbid dinitrat tab 5 mg | C65: Ktk @ 100 tablet | H65: =SUM(D65:G65) -> 0
A66: =A65+1 -> 58 | B66: Kalsium laktat (kalk) tab 500 mg | C66: Ktk @ 100 tablet | H66: =SUM(D66:G66) -> 0
A67: =A66+1 -> 59 | B67: Kaptopril tab 25 mg | C67: Ktk @ 100 tablet | H67: =SUM(D67:G67) -> 0
A68: =A67+1 -> 60 | B68: Karbamazepin tab 200 mg | C68: Ktk @ 100 tablet | H68: =SUM(D68:G68) -> 0
A69: =A68+1 -> 61 | B69: Karbogliserin tts telinga 10 % ( Fenol gliserol ) | C69: Botol | H69: =SUM(D69:G69) -> 0
A70: =A69+1 -> 62 | B70: Ketokonazol tab 200 mg | C70: Ktk 5 x 10 Tablet | H70: =SUM(D70:G70) -> 0
A71: =A70+1 -> 63 | B71: Kloramfenikol 250 mg kapsul | C71: Ktk @100 kapsul | H71: =SUM(D71:G71) -> 0
A72: =A71+1 -> 64 | B72: Kloramfenikol Salep Kulit 2% ( Bufacetin ) | C72: Tube @ 15 gr | D72: 30 | H72: =SUM(D72:G72) -> 30
A73: =A72+1 -> 65 | B73: Kloramfenikol salep mata 1% | C73: Tube @ 5 gr | H73: =SUM(D73:G73) -> 0
A74: =A73+1 -> 66 | B74: Kloramfenikol susp 125 mg/5 ml | C74: Botol | H74: =SUM(D74:G74) -> 0
A75: =A74+1 -> 67 | B75: Kloramfenikol Tetes Telinga ( ERLAMYCETIN | C75: Botol | H75: =SUM(D75:G75) -> 0
A76: =A75+1 -> 68 | B76: Kloramfenikol tts mata 0,5% ( Decacetine) | C76: Botol | H76: =SUM(D76:G76) -> 0
A77: =A76+1 -> 69 | B77: Klorfeniramin Maleat ( CTM ) tab 4 mg | C77: Ktk @ 100 tablet | D77: 1000 | H77: =SUM(D77:G77) -> 1000
A78: =A77+1 -> 70 | B78: Klorpromazin tablet 100 mg | C78: Ktk @ 100 tablet | H78: =SUM(D78:G78) -> 0
A79: =A78+1 -> 71 | B79: Kodein tab 10 mg | C79: Ktk @ 100 tablet | H79: =SUM(D79:G79) -> 0
A80: =A79+1 -> 72 | B80: Kotrimoksazol (dewasa) kombinasi : sulfametoksazol 400 mg+ trimetoprim 80 mg | C80: Ktk @ 100 tablet | H80: =SUM(D80:G80) -> 0
A81: =A80+1 -> 73 | B81: Kotrimoksazol (dewasa) kombinasi tiap 5 ml suspensi : sulfametoksazol 200 mg + trimetoprim 40 mg | C81: Btl 60 ml | H81: =SUM(D81:G81) -> 0
A82: =A81+1 -> 74 | B82: Lidokain inj 2% (hcl) | C82: ampul @ 2 ml | H82: =SUM(D82:G82) -> 0
A83: =A82+1 -> 75 | B83: Metamizol Natrium (Norages) Injeksi | C83: Ampul | D83: 100 | H83: =SUM(D83:G83) -> 100
A84: =A83+1 -> 76 | B84: Metformin tab 500 mg | C84: Ktk 10 x 10 Tablet | D84: 4000 | H84: =SUM(D84:G84) -> 4000
A85: =A84+1 -> 77 | B85: Metilergometrin Maleat Inj 0,2 mg/ml | C85: Ampul | H85: =SUM(D85:G85) -> 0
A86: =A85+1 -> 78 | B86: Metilergometrin Maleat tab salut 0,125 mg | C86: Ktk @ 100 tablet | H86: =SUM(D86:G86) -> 0
A87: =A86+1 -> 79 | B87: Metilprednisolon tab 4 mg | C87: Ktk @ 100 tablet | D87: 1000 | H87: =SUM(D87:G87) -> 1000
A88: =A87+1 -> 80 | B88: Metoklopramid tab 10 mg | C88: Ktk @ 100 tablet | H88: =SUM(D88:G88) -> 0
A89: =A88+1 -> 81 | B89: Metronidazol tab 500 mg | C89: Ktk @ 100 tablet | H89: =SUM(D89:G89) -> 0
A90: =A89+1 -> 82 | B90: Metronidazole Infus | C90: Botol | H90: =SUM(D90:G90) -> 0
A91: =A90+1 -> 83 | B91: Mikonazol krim 2% | C91: Tube 10 gram | D91: 50 | H91: =SUM(D91:G91) -> 50
A92: =A91+1 -> 84 | B92: NaCl 0,9% Larutan | C92: Botol 500 ml | D92: 60 | H92: =SUM(D92:G92) -> 60
A93: =A92+1 -> 85 | B93: N-asetil sistein kaps 200 mg | C93: Ktk @100 kapsul | H93: =SUM(D93:G93) -> 0
A94: =A93+1 -> 86 | B94: Natrium diklofenak tab 50 mg | C94: Ktk 5 x 10 Tablet | D94: 1500 | H94: =SUM(D94:G94) -> 1500
A95: =A94+1 -> 87 | B95: Nifedipin kaps 10 mg | C95: Ktk @ 100 tablet | H95: =SUM(D95:G95) -> 0
A96: =A95+1 -> 88 | B96: Nistatin tab vaginal 100.000 UI | C96: Ktk @ 100 tablet | H96: =SUM(D96:G96) -> 0
A97: =A96+1 -> 89 | B97: Oksitetrasiklin Salep mata 1 % | C97: Tube | H97: =SUM(D97:G97) -> 0
A98: =A97+1 -> 90 | B98: Oksitosin inj 10 UI/ml | C98: Ampul | H98: =SUM(D98:G98) -> 0
A99: =A98+1 -> 91 | B99: Omeprazol inj 40 mg/10 ml | C99: Vial | D99: 250 | H99: =SUM(D99:G99) -> 250
A100: =A99+1 -> 92 | B100: Omeprazol kaps 20 mg | C100: Ktk 3 x 10 tablet | H100: =SUM(D100:G100) -> 0
A101: =A100+1 -> 93 | B101: Ondansetron Injeksi | C101: Ampul | D101: 250 | H101: =SUM(D101:G101) -> 250
...

Sheet PENERIMAAN OBAT PROGRAM
A1: DAFTAR PENERIMAAN OBAT PROGRAM
A2: UPT PUSKESMAS SUKAMAJU
A3: TAHUN 2026
A5: ='PENERIMAAN OBAT PKD'!A5:B5 -> Bulan Januari | M5: 12
A6: NO | B6: Nama Obat | C6: SATUAN | D6: PENERIMAAN OBAT | G6: TOTAL
D7: 46267
A8: 1 | B8: 2 | C8: 3 | D8: 4 | G8: 5
A9: 1 | B9: GIZI
A10: 2 | B10: Mineral Mix | C10: Sacshet | G10: =SUM(D10:D10) -> 0
A11: 3 | B11: Supralysin | C11: Botol | G11: =SUM(D11:D11) -> 0
A12: 4 | B12: Tabelt Tambah Darah | C12: Tablet | D12: 20000 | G12: =SUM(D12:D12) -> 20000
A13: 5 | B13: Taburia | C13: Sacshet | G13: =SUM(D13:D13) -> 0
A14: 6 | B14: Vitamin A Biru 10000 iu | C14: Kapsul | G14: =SUM(D14:D14) -> 0
A15: 7 | B15: Vitamin A Merah 20000 iu | C15: Kapsul | G15: =SUM(D15:D15) -> 0
A16: 8 | G16: =SUM(D16:D16) -> 0
A17: 9 | G17: =SUM(D17:D17) -> 0
A18: 10 | G18: =SUM(D18:D18) -> 0
A19: 11 | B19: OBAT KESEHATAN IBU ANAK
A20: 12 | B20: Phenobarbital Injeksi | C20: Ampul | G20: =SUM(D20:F20) -> 0
A21: 13 | B21: Ampicilin injeksi | C21: vial | G21: =SUM(D21:F21) -> 0
A22: 14 | B22: Calsii Gluconas | C22: Ampul | G22: =SUM(D22:F22) -> 0
A23: 15 | B23: Dextrosa 5% | C23: Botol | G23: =SUM(D23:F23) -> 0
A24: 16 | B24: Diazepam Injeksi | C24: Ampul | G24: =SUM(D24:F24) -> 0
A25: 17 | B25: Fitomenadion injeksi 2 mg/ ml | C25: Ampul | G25: =SUM(D25:F25) -> 0
A26: 18 | B26: Methyl Ergometrine inje 2 mg | C26: Ampul | G26: =SUM(D26:F26) -> 0
A27: 19 | B27: Mgso4 20 % | C27: Ampul | G27: =SUM(D27:F27) -> 0
A28: 20 | B28: Mgso4 40 % | C28: Ampul | G28: =SUM(D28:F28) -> 0
A29: 21 | B29: Oksitosin Injeksi | C29: Ampul | F29: 50 | G29: =SUM(D29:F29) -> 50
A30: 22 | B30: Oxytetra Salep mata 1 % | C30: Tube | G30: =SUM(D30:F30) -> 0
A31: 23 | B31: Proten Gold Vanila | G31: =SUM(D31:F31) -> 0
A32: 24 | B32: Levothyrokxine | C32: Tablet | G32: =SUM(D32:F32) -> 0
A33: 25 | B33: Multivitamin MMS | C33: Botol | D33: 409 | G33: =SUM(D33:F33) -> 409
A34: 26 | B34: Kloramfenikol Salep Mata | C34: Tube | G34: =SUM(D34:F34) -> 0
A35: 27 | G35: =SUM(D35:F35) -> 0
A36: 28 | B36: OBAT PROGRAM MALARIA
A37: 29 | B37: ACT ( Obat Antimalaria )/DHP | C37: Tablet | G37: =SUM(D37:F37) -> 0
A38: 30 | B38: Artesunat Injeksi 60mg/ml | C38: vial | G38: =SUM(D38:F38) -> 0
A39: 31 | B39: Giemsa | C39: Botol | G39: =SUM(D39:F39) -> 0
A40: 32 | B40: Primaquin | C40: Tablet | G40: =SUM(D40:F40) -> 0
A41: 33 | B41: RDT Chikungunya | C41: Pcs | G41: =SUM(D41:F41) -> 0
A42: 34 | B42: RDT DBD | C42: Pcs | G42: =SUM(D42:F42) -> 0
A43: 35 | B43: RDT Frambusia | C43: Pcs | G43: =SUM(D43:F43) -> 0
A44: 36 | B44: RDT Malaria | C44: Tes | G44: =SUM(D44:F44) -> 0
A45: 37 | B45: Reagen Kit Malaria | C45: Kit | G45: =SUM(D45:F45) -> 0
A46: 38 | B46: Insektisida Cynof | C46: Botol | G46: =SUM(D46:F46) -> 0
A47: 39 | G47: =SUM(D47:F47) -> 0
A48: 40 | G48: =SUM(D48:F48) -> 0
A49: 41 | B49: OBAT PROGRAM KECACINGAN
A50: 42 | B50: Albendazole | C50: Tablet | G50: =SUM(D50:F50) -> 0
A51: 43 | B51: Albendazole Syrup suspensi 200 mg/ml | C51: Botol | G51: =SUM(D51:F51) -> 0
A52: 44 | B52: Albendazole (Bantuan WHO) | C52: Botol | G52: =SUM(D52:F52) -> 0
A53: 45 | G53: =SUM(D53:F53) -> 0
A54: 46 | G54: =SUM(D54:F54) -> 0
A55: 47 | G55: =SUM(D55:F55) -> 0
A56: 48 | B56: OBAT PROGRAM KESWA
A57: 49 | B57: Amitriptilin 25 | C57: Tablet | G57: =SUM(D57:F57) -> 0
A58: 50 | B58: Clobazam 10 mg | C58: Tablet | G58: =SUM(D58:F58) -> 0
A59: 51 | B59: Clozapine | C59: Tablet | G59: =SUM(D59:F59) -> 0
A60: 52 | B60: Haloperidol 5 mg | C60: Tablet | G60: =SUM(D60:F60) -> 0
A61: 53 | B61: Klorpromazin Hcl 100 mg | C61: tablet | G61: =SUM(D61:F61) -> 0
A62: 54 | B62: Rispiridon 2 mg | C62: Tablet | G62: =SUM(D62:F62) -> 0
A63: 55 | B63: Trihexifenidil 2 mg | C63: Tablet | G63: =SUM(D63:F63) -> 0
A64: 56 | G64: =SUM(D64:F64) -> 0
A65: 57 | G65: =SUM(D65:F65) -> 0
A66: 58 | G66: =SUM(D66:F66) -> 0
A67: 59 | B67: OBAT PROGRAM TB
A68: 60 | B68: Box Kaca Slide | C68: Box | G68: =SUM(D68:F68) -> 0
A69: 61 | B69: Cartridge Genexpert | C69: test | G69: =SUM(D69:F69) -> 0
A70: 62 | B70: Etambutol 400 mg | C70: Tablet | G70: =SUM(D70:F70) -> 0
A71: 63 | B71: Isoniazid 100 mg | C71: Tablet | G71: =SUM(D71:F71) -> 0
A72: 64 | B72: Isoniazid 300 mg | C72: Tablet | G72: =SUM(D72:F72) -> 0
A73: 65 | B73: Kaca Slide | C73: Box | G73: =SUM(D73:F73) -> 0
A74: 66 | B74: Masker Bedah | C74: Box | G74: =SUM(D74:F74) -> 0
A75: 67 | B75: Masker Hijab | C75: Box | G75: =SUM(D75:F75) -> 0
A76: 68 | B76: Masker N95 | C76: Box | G76: =SUM(D76:F76) -> 0
A77: 69 | B77: OAT Kategori Anak | C77: Paket | G77: =SUM(D77:F77) -> 0
A78: 70 | B78: OAT KDT Harian | C78: Paket | G78: =SUM(D78:F78) -> 0
A79: 71 | B79: Pirazinamid 500 mg | C79: Tablet | G79: =SUM(D79:F79) -> 0
... A83: 75 | B83: Rifampicin 75 mg / Isoniaside 50 | C83: Tablet | G83: =SUM(D83:F83) -> 0
A84: 76 | B84: Rifapentin 150 mg/Lepasan | C84: Tablet | G84: =SUM(D84:F84) -> 0 | I84: =2.5/2 -> 1.25
A85: 77 | B85: Rifapentin 300 mg /Isoniasid 300 mg | C85: Tablet | G85: =SUM(D85:F85) -> 0
A86: 78 | B86: Tuberculin | C86: vial | G86: =SUM(D86:F86) -> 0
A87: 79 | B87: Kombipak Kat 1 | C87: Paket | G87: =SUM(D87:F87) -> 0
A88: 80 | B88: Cartridge Genexpert XDR | C88: Test | G88: =SUM(D88:F88) -> 0
A89: 81 | G89: =SUM(D89:F89) -> 0
A90: 82 | G90: =SUM(D90:F90) -> 0
A91: 83 | G91: =SUM(D91:F91) -> 0
A92: 84 | B92: OBAT PROGRAM DIARE
A93: 85 | B93: Garam oralit | C93: Sacshet | D93: 200 | G93: =SUM(D93:F93) -> 200
A94: 86 | B94: Metronidazole Infus | C94: Botol | G94: =SUM(D94:F94) -> 0
A95: 87 | B95: Zinc tablet | C95: tablet | G95: =SUM(D95:F95) -> 0
A96: 88 | G96: =SUM(D96:F96) -> 0
A97: 89 | G97: =SUM(D97:F97) -> 0
A98: 90 | G98: =SUM(D98:F98) -> 0
A99: 91 | B99: OBAT PROGRAM KUSTA
A100: 92 | B100: MDT MB Adult | C100: Blister | G100: =SUM(D100:F100) -> 0
A101: 93 | B101: MDT MB Anak | C101: Blister | G101: =SUM(D101:F101) -> 0
A102: 94 | G102: =SUM(D102:F102) -> 0
A103: 95 | G103: =SUM(D103:F103) -> 0
A104: 96 | G104: =SUM(D104:F104) -> 0
...

Sheet DISTRIBUSI
A1: LAPORAN DISTRIBUSI OBAT UNIT PELAYANAN
A2: UPT PUSKESMAS SUKAMAJU
A3: TAHUN 2025
R5: BULAN | S5: : Januari | AT5: 12
D6: 17 dn 25 | E6: 12 a | F6: 12 b | G6: 17 b | I6: 12 c | J6: 21 | K6: 13 | L6: 13 b | M6: 10 | R6: TAHUN | S6: : 2026
A7: NO | B7: Nama Obat | C7: SATUAN | D7: SAPTA MARGA | E7: SALULEMO | F7: KALUKU | G7: TAMBOKE | H7: MINANGA TALLU | I7: LAMPUAWA | J7: T. INDAH | K7: T.SARI | L7: MULYASARI | M7: KETULUNGAN | N7: WONOSARI | O7: TOLANGI | P7: SUKADAMAI | Q7: PONGKASE | R7: APOTIK | S7: UGD | T7: APOTIK 2 | U7: RI | V7: RB | W7: POLI | X7: LAB | Y7: LAIN-LAIN | Z7: JUMLAH | AB7: sisa stok | AH7: APOTIK | BM7: JUMLAH | BO7: UGD | CT7: JUMLAH | CU7: APOTIK2 | CV7: APOTEK 2 | EA7: JUMLAH | EB7: RI | EC7: RAWAT INAP | FH7: JUMLAH | FJ7: RUANG BERSALIN | GO7: JUMLAH | GQ7: POLI (KIA, POLI UMUM, POLI GIGI) | HV7: JUMLAH | HX7: LABORATORIUM | JC7: JUMLAH | JE7: DLL | KJ7: JUMLAH
BN8: UGD | FI8: RB | GP8: POLI | HW8: LAB | JD8: DLL
A9: 1 | B9: 2 | C9: 3 | D9: 4 | E9: 5 | F9: 6 | G9: 7 | H9: 8 | I9: 9 | J9: 10 | K9: 11 | L9: 12 | M9: 13 | N9: 14 | O9: 15 | P9: 16 | Q9: 17 | R9: 18 | S9: 19 | T9: 20 | U9: 21 | V9: 22 | W9: 23 | X9: 24 | Y9: 25 | Z9: 26 | AH9: 1 | AI9: 2 | AJ9: 3 | AK9: 4 | AL9: 5 | AM9: 6 | AN9: 7 | AO9: 8 | AP9: 9 | AQ9: 10 | AR9: 11 | AS9: 12 | AT9: 13 | AU9: 14 | AV9: 15 | AW9: 16 | AX9: 17 | AY9: 18 | AZ9: 19 | BA9: 20 | BB9: 21 | BC9: 22 | BD9: 23 | BE9: 24 | BF9: 25 | BG9: 26 | BH9: 27 | BI9: 28 | BJ9: 29 | BK9: 30 | BL9: 31 | BO9: 1 | BP9: 2 | BQ9: 3 | BR9: 4 | BS9: 5 | BT9: 6 | BU9: 7 | BV9: 8 | BW9: 9 | BX9: 10 | BY9: 11 | BZ9: 12 | CA9: 13 | CB9: 14 | CC9: 15 | CD9: 16 | CE9: 17 | CF9: 18 | CG9: 19 | CH9: 20 | CI9: 21 | CJ9: 22 | CK9: 23 | CL9: 24 | CM9: 25 | CN9: 26 | CO9: 27 | CP9: 28 | CQ9: 29 | CR9: 30 | CS9: 31 | CV9: 1 | CW9: 2 | CX9: 3 | CY9: 4 | CZ9: 5 | DA9: 6 | DB9: 7 | DC9: 8 | DD9: 9 | DE9: 10 | DF9: 11 | DG9: 12 | DH9: 13 | DI9: 14 | DJ9: 15 | DK9: 16 | DL9: 17 | DM9: 18 | DN9: 19 | DO9: 20 | DP9: 21 | DQ9: 22 | DR9: 23 | DS9: 24 | DT9: 25 | DU9: 26 | DV9: 27 | DW9: 28 | DX9: 29 | DY9: 30 | DZ9: 31 | EC9: 1 | ED9: 2 | EE9: 3 | EF9: 4 | EG9: 5 | EH9: 6 | EI9: 7 | EJ9: 8 | EK9: 9 | EL9: 10 | EM9: 11 | EN9: 12 | EO9: 13 | EP9: 14 | EQ9: 15 | ER9: 16 | ES9: 17 | ET9: 18 | EU9: 19 | EV9: 20 | EW9: 21 | EX9: 22 | EY9: 23 | EZ9: 24 | FA9: 25 | FB9: 26 | FC9: 27 | FD9: 28 | FE9: 29 | FF9: 30 | FG9: 31 | FJ9: 1 | FK9: 2 | FL9: 3 | FM9: 4 | FN9: 5 | FO9: 6 | FP9: 7 | FQ9: 8 | FR9: 9 | FS9: 10 | FT9: 11 | FU9: 12 | FV9: 13 | FW9: 14 | FX9: 15 | FY9: 16 | FZ9: 17 | GA9: 18 | GB9: 19 | GC9: 20 | GD9: 21 | GE9: 22 | GF9: 23 | GG9: 24 | GH9: 25 | GI9: 26 | GJ9: 27 | GK9: 28 | GL9: 29 | GM9: 30 | GN9: 31 | GQ9: 1 | GR9: 2 | GS9: 3 | GT9: 4 | GU9: 5 | GV9: 6 | GW9: 7 | GX9: 8 | GY9: 9 | GZ9: 10 | HA9: 11 | HB9: 12 | HC9: 13 | HD9: 14 | HE9: 15 | HF9: 16 | HG9: 17 | HH9: 18 | HI9: 19 | HJ9: 20 | HK9: 21 | HL9: 22 | HM9: 23 | HN9: 24 | HO9: 25 | HP9: 26 | HQ9: 27 | HR9: 28 | HS9: 29 | HT9: 30 | HU9: 31 | HX9: 1 | HY9: 2 | HZ9: 3 | IA9: 4 | IB9: 5 | IC9: 6 | ID9: 7 | IE9: 8 | IF9: 9 | IG9: 10 | IH9: 11 | II9: 12 | IJ9: 13 | IK9: 14 | IL9: 15 | IM9: 16 | IN9: 17 | IO9: 18 | IP9: 19 | IQ9: 20 | IR9: 21 | IS9: 22 | IT9: 23 | IU9: 24 | IV9: 25 | IW9: 26 | IX9: 27 | IY9: 28 | IZ9: 29 | JA9: 30 | JB9: 31 | JE9: 1 | JF9: 2 | JG9: 3 | JH9: 4 | JI9: 5 | JJ9: 6 | JK9: 7 | JL9: 8 | JM9: 9 | JN9: 10 | JO9: 11 | JP9: 12 | JQ9: 13 | JR9: 14 | JS9: 15 | JT9: 16 | JU9: 17 | JV9: 18 | JW9: 19 | JX9: 20 | JY9: 21 | JZ9: 22 | KA9: 23 | KB9: 24 | KC9: 25 | KD9: 26 | KE9: 27 | KF9: 28 | KG9: 29 | KH9: 30 | KI9: 31
A10: 1 | B10: Air untuk injeksi amp 25 ml | C10: Ampul | R10: =BM10 -> 60 | S10: =CT10 -> 0 | T10: =EA10 -> 0 | U10: =FH10 -> 0 | V10: =GO10 -> 0 | W10: =HV10 -> 0 | X10: =JC10 -> 0 | Y10: =KJ10 -> 0 | Z10: =SUM(D10:Y10) -> 60 | AB10: ='LPLPO GUDANG'!H15 -> 0 | AP10: 60 | BM10: =SUM(AH10:BL10) -> 60 | CT10: =SUM(BO10:CS10) -> 0 | EA10: =SUM(CV10:DZ10) -> 0 | FH10: =SUM(EC10:FG10) -> 0 | GO10: =SUM(FJ10:GN10) -> 0 | HV10: =SUM(GQ10:HU10) -> 0 | JC10: =SUM(HX10:JB10) -> 0 | KJ10: =SUM(JE10:KI10) -> 0
A11: =A10+1 -> 2 | B11: Alopurinol tab 300 mg | C11: Ktk @ 100 tablet | R11: =BM11 -> 500 | S11: =CT11 -> 0 | T11: =EA11 -> 0 | U11: =FH11 -> 0 | V11: =GO11 -> 0 | W11: =HV11 -> 0 | X11: =JC11 -> 0 | Y11: =KJ11 -> 0 | Z11: =SUM(D11:Y11) -> 500 | AB11: ='LPLPO GUDANG'!H16 -> 500 | BF11: 500 | BM11: =SUM(AH11:BL11) -> 500 | CT11: =SUM(BO11:CS11) -> 0 | EA11: =SUM(CV11:DZ11) -> 0 | FH11: =SUM(EC11:FG11) -> 0 | GO11: =SUM(FJ11:GN11) -> 0 | HV11: =SUM(GQ11:HU11) -> 0 | JC11: =SUM(HX11:JB11) -> 0 | KJ11: =SUM(JE11:KI11) -> 0
A12: =A11+1 -> 3 | B12: Ambroxol Sirup | C12: Botol | R12: =BM12 -> 30 | S12: =CT12 -> 0 | T12: =EA12 -> 0 | U12: =FH12 -> 0 | V12: =GO12 -> 0 | W12: =HV12 -> 0 | X12: =JC12 -> 0 | Y12: =KJ12 -> 0 | Z12: =SUM(D12:Y12) -> 30 | AB12: ='LPLPO GUDANG'!H17 -> 15 | BE12: 30 | BM12: =SUM(AH12:BL12) -> 30 | CT12: =SUM(BO12:CS12) -> 0 | EA12: =SUM(CV12:DZ12) -> 0 | FH12: =SUM(EC12:FG12) -> 0 | GO12: =SUM(FJ12:GN12) -> 0 | HV12: =SUM(GQ12:HU12) -> 0 | JC12: =SUM(HX12:JB12) -> 0 | KJ12: =SUM(JE12:KI12) -> 0
A13: =A12+1 -> 4 | B13: Amlodipin tab 5 mg | C13: Ktk 50 Tablet | I13: 100 | R13: =BM13 -> 2000 | S13: =CT13 -> 0 | T13: =EA13 -> 100 | U13: =FH13 -> 0 | V13: =GO13 -> 0 | W13: =HV13 -> 0 | X13: =JC13 -> 0 | Y13: =KJ13 -> 0 | Z13: =SUM(D13:Y13) -> 2200 | AB13: ='LPLPO GUDANG'!H18 -> 1800 | BF13: 2000 | BM13: =SUM(AH13:BL13) -> 2000 | CT13: =SUM(BO13:CS13) -> 0 | DL13: 100 | EA13: =SUM(CV13:DZ13) -> 100 | FH13: =SUM(EC13:FG13) -> 0 | GO13: =SUM(FJ13:GN13) -> 0 | HV13: =SUM(GQ13:HU13) -> 0 | JC13: =SUM(HX13:JB13) -> 0 | KJ13: =SUM(JE13:KI13) -> 0
A14: =A13+1 -> 5 | B14: Amlodipin Tablet 10 mg | C14: Tablet | R14: =BM14 -> 3000 | S14: =CT14 -> 0 | T14: =EA14 -> 200 | U14: =FH14 -> 0 | V14: =GO14 -> 0 | W14: =HV14 -> 0 | X14: =JC14 -> 0 | Y14: =KJ14 -> 0 | Z14: =SUM(D14:Y14) -> 3200 | AB14: ='LPLPO GUDANG'!H19 -> 1800 | BF14: 3000 | BM14: =SUM(AH14:BL14) -> 3000 | CT14: =SUM(BO14:CS14) -> 0 | CX14: 200 | EA14: =SUM(CV14:DZ14) -> 200 | FH14: =SUM(EC14:FG14) -> 0 | GO14: =SUM(FJ14:GN14) -> 0 | HV14: =SUM(GQ14:HU14) -> 0 | JC14: =SUM(HX14:JB14) -> 0 | KJ14: =SUM(JE14:KI14) -> 0
A15: =A14+1 -> 6 | B15: Amoksisilin sirup kering 125 mg/5 ml | C15: Botol | R15: =BM15 -> 0 | S15: =CT15 -> 0 | T15: =EA15 -> 0 | U15: =FH15 -> 0 | V15: =GO15 -> 0 | W15: =HV15 -> 0 | X15: =JC15 -> 0 | Y15: =KJ15 -> 0 | Z15: =SUM(D15:Y15) -> 0 | AB15: ='LPLPO GUDANG'!H20 -> 135 | AC15: -1 | BM15: =SUM(AH15:BL15) -> 0 | CT15: =SUM(BO15:CS15) -> 0 | EA15: =SUM(CV15:DZ15) -> 0 | FH15: =SUM(EC15:FG15) -> 0 | GO15: =SUM(FJ15:GN15) -> 0 | HV15: =SUM(GQ15:HU15) -> 0 | JC15: =SUM(HX15:JB15) -> 0 | KJ15: =SUM(JE15:KI15) -> 0
A16: =A15+1 -> 7 | B16: Amoksisilin tab 500 mg | C16: Ktk @100 kaplet | J16: 100 | K16: 100 | R16: =BM16 -> 0 | S16: =CT16 -> 0 | T16: =EA16 -> 200 | U16: =FH16 -> 0 | V16: =GO16 -> 0 | W16: =HV16 -> 0 | X16: =JC16 -> 0 | Y16: =KJ16 -> 0 | Z16: =SUM(D16:Y16) -> 400 | AB16: ='LPLPO GUDANG'!H21 -> 3100 | AC16: -100 | BM16: =SUM(AH16:BL16) -> 0 | CT16: =SUM(BO16:CS16) -> 0 | CX16: 200 | EA16: =SUM(CV16:DZ16) -> 200 | FH16: =SUM(EC16:FG16) -> 0 | GO16: =SUM(FJ16:GN16) -> 0 | HV16: =SUM(GQ16:HU16) -> 0 | JC16: =SUM(HX16:JB16) -> 0 | KJ16: =SUM(JE16:KI16) -> 0
A17: =A16+1 -> 8 | B17: Anestetik lokal gigi kombinasi : lidokain hcl 2% + epinefrin 1 : 80.000 inj 2 ml | C17: Ampul | R17: =BM17 -> 35 | S17: =CT17 -> 0 | T17: =EA17 -> 0 | U17: =FH17 -> 0 | V17: =GO17 -> 15 | W17: =HV17 -> 50 | X17: =JC17 -> 0 | Y17: =KJ17 -> 0 | Z17: =SUM(D17:Y17) -> 100 | AB17: ='LPLPO GUDANG'!H22 -> 0 | BE17: 35 | BM17: =SUM(AH17:BL17) -> 35 | CT17: =SUM(BO17:CS17) -> 0 | EA17: =SUM(CV17:DZ17) -> 0 | FH17: =SUM(EC17:FG17) -> 0 | GG17: 15 | GO17: =SUM(FJ17:GN17) -> 15 | HJ17: 50 | HV17: =SUM(GQ17:HU17) -> 50 | JC17: =SUM(HX17:JB17) -> 0 | KJ17: =SUM(JE17:KI17) -> 0
A18: =A17+1 -> 9 | B18: Antasida, kombinasi : aluminium hidroksida 200 mg + magnesium hidroksida 200 mg | C18: Btl 60 ml | R18: =BM18 -> 50 | S18: =CT18 -> 0 | T18: =EA18 -> 10 | U18: =FH18 -> 0 | V18: =GO18 -> 0 | W18: =HV18 -> 0 | X18: =JC18 -> 0 | Y18: =KJ18 -> 0 | Z18: =SUM(D18:Y18) -> 60 | AB18: ='LPLPO GUDANG'!H23 -> 80 | AX18: 50 | BM18: =SUM(AH18:BL18) -> 50 | CT18: =SUM(BO18:CS18) -> 0 | DL18: 10 | EA18: =SUM(CV18:DZ18) -> 10 | FH18: =SUM(EC18:FG18) -> 0 | GO18: =SUM(FJ18:GN18) -> 0 | HV18: =SUM(GQ18:HU18) -> 0 | JC18: =SUM(HX18:JB18) -> 0 | KJ18: =SUM(JE18:KI18) -> 0
A19: =A18+1 -> 10 | B19: Antasida, kombinasi : aluminium hidroksida 200 mg + magnesium hidroksida 200 mg | C19: Ktk @ 100 tablet | F19: 100 | J19: 100 | K19: 100 | R19: =BM19 -> 0 | S19: =CT19 -> 0 | T19: =EA19 -> 200 | U19: =FH19 -> 0 | V19: =GO19 -> 0 | W19: =HV19 -> 0 | X19: =JC19 -> 0 | Y19: =KJ19 -> 0 | Z19: =SUM(D19:Y19) -> 500 | AB19: ='LPLPO GUDANG'!H24 -> 1900 | BM19: =SUM(AH19:BL19) -> 0 | CT19: =SUM(BO19:CS19) -> 0 | DL19: 200 | EA19: =SUM(CV19:DZ19) -> 200 | FH19: =SUM(EC19:FG19) -> 0 | GO19: =SUM(FJ19:GN19) -> 0 | HV19: =SUM(GQ19:HU19) -> 0 | JC19: =SUM(HX19:JB19) -> 0 | KJ19: =SUM(JE19:KI19) -> 0
A20: =A19+1 -> 11 | B20: Anti Tetanus Serum ( ATS ) 1500 IU | C20: Ampul | R20: =BM20 -> 0 | S20: =CT20 -> 0 | T20: =EA20 -> 0 | U20: =FH20 -> 0 | V20: =GO20 -> 0 | W20: =HV20 -> 0 | X20: =JC20 -> 0 | Y20: =KJ20 -> 0 | Z20: =SUM(D20:Y20) -> 0 | AB20: ='LPLPO GUDANG'!H25 -> 0 | BM20: =SUM(AH20:BL20) -> 0 | CT20: =SUM(BO20:CS20) -> 0 | EA20: =SUM(CV20:DZ20) -> 0 | FH20: =SUM(EC20:FG20) -> 0 | GO20: =SUM(FJ20:GN20) -> 0 | HV20: =SUM(GQ20:HU20) -> 0 | JC20: =SUM(HX20:JB20) -> 0 | KJ20: =SUM(JE20:KI20) -> 0
A21: =A20+1 -> 12 | B21: Antihemoroid, kombinasi: bismut subgalat 150 mg + heksaklorofen 2,5 mg + lidokain lidokain 10 mg+ seng oksida 120 mg + sup ad 2 g | C21: Suppositoria | R21: =BM21 -> 0 | S21: =CT21 -> 0 | T21: =EA21 -> 0 | U21: =FH21 -> 0 | V21: =GO21 -> 0 | W21: =HV21 -> 0 | X21: =JC21 -> 0 | Y21: =KJ21 -> 0 | Z21: =SUM(D21:Y21) -> 0 | AB21: ='LPLPO GUDANG'!H26 -> 20 | BM21: =SUM(AH21:BL21) -> 0 | CT21: =SUM(BO21:CS21) -> 0 | EA21: =SUM(CV21:DZ21) -> 0 | FH21: =SUM(EC21:FG21) -> 0 | GO21: =SUM(FJ21:GN21) -> 0 | HV21: =SUM(GQ21:HU21) -> 0 | JC21: =SUM(HX21:JB21) -> 0 | KJ21: =SUM(JE21:KI21) -> 0
A22: =A21+1 -> 13 | B22: Asam asetilsalisilat tab 80 mg (Miniaspi) | C22: Ktk @ 100 tablet | R22: =BM22 -> 0 | S22: =CT22 -> 0 | T22: =EA22 -> 0 | U22: =FH22 -> 0 | V22: =GO22 -> 0 | W22: =HV22 -> 0 | X22: =JC22 -> 0 | Y22: =KJ22 -> 0 | Z22: =SUM(D22:Y22) -> 0 | AB22: ='LPLPO GUDANG'!H27 -> 0 | BM22: =SUM(AH22:BL22) -> 0 | CT22: =SUM(BO22:CS22) -> 0 | EA22: =SUM(CV22:DZ22) -> 0 | FH22: =SUM(EC22:FG22) -> 0 | GO22: =SUM(FJ22:GN22) -> 0 | HV22: =SUM(GQ22:HU22) -> 0 | JC22: =SUM(HX22:JB22) -> 0 | KJ22: =SUM(JE22:KI22) -> 0
A23: =A22+1 -> 14 | B23: Asam askorbat (vitamin C) tab 250 mg | C23: Ktk @ 100 tablet | R23: =BM23 -> 0 | S23: =CT23 -> 0 | T23: =EA23 -> 0 | U23: =FH23 -> 0 | V23: =GO23 -> 0 | W23: =HV23 -> 0 | X23: =JC23 -> 0 | Y23: =KJ23 -> 0 | Z23: =SUM(D23:Y23) -> 0 | AB23: ='LPLPO GUDANG'!H28 -> 0 | BM23: =SUM(AH23:BL23) -> 0 | CT23: =SUM(BO23:CS23) -> 0 | EA23: =SUM(CV23:DZ23) -> 0 | FH23: =SUM(EC23:FG23) -> 0 | GO23: =SUM(FJ23:GN23) -> 0 | HV23: =SUM(GQ23:HU23) -> 0 | JC23: =SUM(HX23:JB23) -> 0 | KJ23: =SUM(JE23:KI23) -> 0
A24: =A23+1 -> 15 | B24: Asam askorbat (vitamin C) tab 50 mg | C24: Ktk @ 100 tablet | R24: =BM24 -> 0 | S24: =CT24 -> 0 | T24: =EA24 -> 0 | U24: =FH24 -> 0 | V24: =GO24 -> 0 | W24: =HV24 -> 0 | X24: =JC24 -> 0 | Y24: =KJ24 -> 0 | Z24: =SUM(D24:Y24) -> 0 | AB24: ='LPLPO GUDANG'!H29 -> 0 | BM24: =SUM(AH24:BL24) -> 0 | CT24: =SUM(BO24:CS24) -> 0 | EA24: =SUM(CV24:DZ24) -> 0 | FH24: =SUM(EC24:FG24) -> 0 | GO24: =SUM(FJ24:GN24) -> 0 | HV24: =SUM(GQ24:HU24) -> 0 | JC24: =SUM(HX24:JB24) -> 0 | KJ24: =SUM(JE24:KI24) -> 0
A25: =A24+1 -> 16 | B25: Asam mefenamat kaps 500 mg | C25: Ktk @ 100 tablet | I25: 100 | R25: =BM25 -> 1200 | S25: =CT25 -> 0 | T25: =EA25 -> 200 | U25: =FH25 -> 0 | V25: =GO25 -> 0 | W25: =HV25 -> 0 | X25: =JC25 -> 0 | Y25: =KJ25 -> 0 | Z25: =SUM(D25:Y25) -> 1500 | AB25: ='LPLPO GUDANG'!H30 -> 1000 | BE25: 1200 | BM25: =SUM(AH25:BL25) -> 1200 | CT25: =SUM(BO25:CS25) -> 0 | CX25: 200 | EA25: =SUM(CV25:DZ25) -> 200 | FH25: =SUM(EC25:FG25) -> 0 | GO25: =SUM(FJ25:GN25) -> 0 | HV25: =SUM(GQ25:HU25) -> 0 | JC25: =SUM(HX25:JB25) -> 0 | KJ25: =SUM(JE25:KI25) -> 0
A26: =A25+1 -> 17 | B26: Asam traneksamat inj 50 mg/ml | C26: Ampul | R26: =BM26 -> 0 | S26: =CT26 -> 0 | T26: =EA26 -> 0 | U26: =FH26 -> 0 | V26: =GO26 -> 0 | W26: =HV26 -> 0 | X26: =JC26 -> 0 | Y26: =KJ26 -> 0 | Z26: =SUM(D26:Y26) -> 0 | AB26: ='LPLPO GUDANG'!H31 -> 0 | BM26: =SUM(AH26:BL26) -> 0 | CT26: =SUM(BO26:CS26) -> 0 | EA26: =SUM(CV26:DZ26) -> 0 | FH26: =SUM(EC26:FG26) -> 0 | GO26: =SUM(FJ26:GN26) -> 0 | HV26: =SUM(GQ26:HU26) -> 0 | JC26: =SUM(HX26:JB26) -> 0 | KJ26: =SUM(JE26:KI26) -> 0
A27: =A26+1 -> 18 | B27: Asiklovir Krim | C27: tube | R27: =BM27 -> 0 | S27: =CT27 -> 0 | T27: =EA27 -> 0 | U27: =FH27 -> 0 | V27: =GO27 -> 0 | W27: =HV27 -> 0 | X27: =JC27 -> 0 | Y27: =KJ27 -> 0 | Z27: =SUM(D27:Y27) -> 0 | AB27: ='LPLPO GUDANG'!H32 -> 25 | BM27: =SUM(AH27:BL27) -> 0 | CT27: =SUM(BO27:CS27) -> 0 | EA27: =SUM(CV27:DZ27) -> 0 | FH27: =SUM(EC27:FG27) -> 0 | GO27: =SUM(FJ27:GN27) -> 0 | HV27: =SUM(GQ27:HU27) -> 0 | JC27: =SUM(HX27:JB27) -> 0 | KJ27: =SUM(JE27:KI27) -> 0
A28: =A27+1 -> 19 | B28: Asiklovir tab 400 mg | C28: Ktk 5 x 10 Tablet | R28: =BM28 -> 0 | S28: =CT28 -> 0 | T28: =EA28 -> 0 | U28: =FH28 -> 0 | V28: =GO28 -> 0 | W28: =HV28 -> 0 | X28: =JC28 -> 0 | Y28: =KJ28 -> 0 | Z28: =SUM(D28:Y28) -> 0 | AB28: ='LPLPO GUDANG'!H33 -> 1000 | BM28: =SUM(AH28:BL28) -> 0 | CT28: =SUM(BO28:CS28) -> 0 | EA28: =SUM(CV28:DZ28) -> 0 | FH28: =SUM(EC28:FG28) -> 0 | GO28: =SUM(FJ28:GN28) -> 0 | HV28: =SUM(GQ28:HU28) -> 0 | JC28: =SUM(HX28:JB28) -> 0 | KJ28: =SUM(JE28:KI28) -> 0
A29: =A28+1 -> 20 | B29: Atapulgit ( New Antides ) tab 600 mg | C29: Ktk 150 Tablet | R29: =BM29 -> 0 | S29: =CT29 -> 0 | T29: =EA29 -> 0 | U29: =FH29 -> 0 | V29: =GO29 -> 0 | W29: =HV29 -> 0 | X29: =JC29 -> 0 | Y29: =KJ29 -> 0 | Z29: =SUM(D29:Y29) -> 0 | AB29: ='LPLPO GUDANG'!H34 -> 800 | BM29: =SUM(AH29:BL29) -> 0 | CT29: =SUM(BO29:CS29) -> 0 | EA29: =SUM(CV29:DZ29) -> 0 | FH29: =SUM(EC29:FG29) -> 0 | GO29: =SUM(FJ29:GN29) -> 0 | HV29: =SUM(GQ29:HU29) -> 0 | JC29: =SUM(HX29:JB29) -> 0 | KJ29: =SUM(JE29:KI29) -> 0
A30: =A29+1 -> 21 | B30: Atorvastatin tab 20 mg | R30: =BM30 -> 0 | S30: =CT30 -> 0 | T30: =EA30 -> 0 | U30: =FH30 -> 0 | V30: =GO30 -> 0 | W30: =HV30 -> 0 | X30: =JC30 -> 0 | Y30: =KJ30 -> 0 | Z30: =SUM(D30:Y30) -> 0 | AB30: ='LPLPO GUDANG'!H35 -> 3000 | BM30: =SUM(AH30:BL30) -> 0 | CT30: =SUM(BO30:CS30) -> 0 | EA30: =SUM(CV30:DZ30) -> 0 | FH30: =SUM(EC30:FG30) -> 0 | GO30: =SUM(FJ30:GN30) -> 0 | HV30: =SUM(GQ30:HU30) -> 0 | JC30: =SUM(HX30:JB30) -> 0 | KJ30: =SUM(JE30:KI30) -> 0
A31: =A30+1 -> 22 | B31: Atropin inj 0,25 mg/ml (i.m./i.v./s.k) | C31: Ampul | R31: =BM31 -> 0 | S31: =CT31 -> 0 | T31: =EA31 -> 0 | U31: =FH31 -> 0 | V31: =GO31 -> 0 | W31: =HV31 -> 0 | X31: =JC31 -> 0 | Y31: =KJ31 -> 0 | Z31: =SUM(D31:Y31) -> 0 | AB31: ='LPLPO GUDANG'!H36 -> 0 | BM31: =SUM(AH31:BL31) -> 0 | CT31: =SUM(BO31:CS31) -> 0 | EA31: =SUM(CV31:DZ31) -> 0 | FH31: =SUM(EC31:FG31) -> 0 | GO31: =SUM(FJ31:GN31) -> 0 | HV31: =SUM(GQ31:HU31) -> 0 | JC31: =SUM(HX31:JB31) -> 0 | KJ31: =SUM(JE31:KI31) -> 0
A32: =A31+1 -> 23 | B32: Bedak Salicyl 2 % 60 gr | C32: Pot | R32: =BM32 -> 0 | S32: =CT32 -> 0 | T32: =EA32 -> 0 | U32: =FH32 -> 0 | V32: =GO32 -> 0 | W32: =HV32 -> 0 | X32: =JC32 -> 0 | Y32: =KJ32 -> 0 | Z32: =SUM(D32:Y32) -> 0 | AB32: ='LPLPO GUDANG'!H37 -> 0 | BM32: =SUM(AH32:BL32) -> 0 | CT32: =SUM(BO32:CS32) -> 0 | EA32: =SUM(CV32:DZ32) -> 0 | FH32: =SUM(EC32:FG32) -> 0 | GO32: =SUM(FJ32:GN32) -> 0 | HV32: =SUM(GQ32:HU32) -> 0 | JC32: =SUM(HX32:JB32) -> 0 | KJ32: =SUM(JE32:KI32) -> 0
A33: =A32+1 -> 24 | B33: Betahistin Mesilat tab 6 mg | C33: Ktk 10 x 10 tablet | R33: =BM33 -> 900 | S33: =CT33 -> 0 | T33: =EA33 -> 100 | U33: =FH33 -> 0 | V33: =GO33 -> 0 | W33: =HV33 -> 0 | X33: =JC33 -> 0 | Y33: =KJ33 -> 0 | Z33: =SUM(D33:Y33) -> 1000 | AB33: ='LPLPO GUDANG'!H38 -> 0 | AJ33: 500 | BF33: 400 | BM33: =SUM(AH33:BL33) -> 900 | CT33: =SUM(BO33:CS33) -> 0 | DL33: 100 | EA33: =SUM(CV33:DZ33) -> 100 | FH33: =SUM(EC33:FG33) -> 0 | GO33: =SUM(FJ33:GN33) -> 0 | HV33: =SUM(GQ33:HU33) -> 0 | JC33: =SUM(HX33:JB33) -> 0 | KJ33: =SUM(JE33:KI33) -> 0
A34: =A33+1 -> 25 | B34: Betametason krim 0,1% | C34: tube @ 5 gram | K34: 5 | R34: =BM34 -> 0 | S34: =CT34 -> 5 | T34: =EA34 -> 0 | U34: =FH34 -> 0 | V34: =GO34 -> 0 | W34: =HV34 -> 0 | X34: =JC34 -> 0 | Y34: =KJ34 -> 0 | Z34: =SUM(D34:Y34) -> 10 | AB34: ='LPLPO GUDANG'!H39 -> 60 | AC34: -2 | BM34: =SUM(AH34:BL34) -> 0 | CI34: 5 | CT34: =SUM(BO34:CS34) -> 5 | EA34: =SUM(CV34:DZ34) -> 0 | FH34: =SUM(EC34:FG34) -> 0 | GO34: =SUM(FJ34:GN34) -> 0 | HV34: =SUM(GQ34:HU34) -> 0 | JC34: =SUM(HX34:JB34) -> 0 | KJ34: =SUM(JE34:KI34) -> 0
A35: =A34+1 -> 26 | B35: Bisakodil sup 10 mg ( Dulcolax ) | C35: Suppositoria | R35: =BM35 -> 0 | S35: =CT35 -> 0 | T35: =EA35 -> 0 | U35: =FH35 -> 0 | V35: =GO35 -> 0 | W35: =HV35 -> 0 | X35: =JC35 -> 0 | Y35: =KJ35 -> 0 | Z35: =SUM(D35:Y35) -> 0 | AB35: ='LPLPO GUDANG'!H40 -> 0 | BM35: =SUM(AH35:BL35) -> 0 | CT35: =SUM(BO35:CS35) -> 0 | EA35: =SUM(CV35:DZ35) -> 0 | FH35: =SUM(EC35:FG35) -> 0 | GO35: =SUM(FJ35:GN35) -> 0 | HV35: =SUM(GQ35:HU35) -> 0 | JC35: =SUM(HX35:JB35) -> 0 | KJ35: =SUM(JE35:KI35) -> 0
A36: =A35+1 -> 27 | B36: Bisakodil sup 5 mg ( Dulcolax ) | C36: Suppositoria | R36: =BM36 -> 0 | S36: =CT36 -> 0 | T36: =EA36 -> 0 | U36: =FH36 -> 0 | V36: =GO36 -> 0 | W36: =HV36 -> 0 | X36: =JC36 -> 0 | Y36: =KJ36 -> 0 | Z36: =SUM(D36:Y36) -> 0 | AB36: ='LPLPO GUDANG'!H41 -> 0 | BM36: =SUM(AH36:BL36) -> 0 | CT36: =SUM(BO36:CS36) -> 0 | EA36: =SUM(CV36:DZ36) -> 0 | FH36: =SUM(EC36:FG36) -> 0 | GO36: =SUM(FJ36:GN36) -> 0 | HV36: =SUM(GQ36:HU36) -> 0 | JC36: =SUM(HX36:JB36) -> 0 | KJ36: =SUM(JE36:KI36) -> 0
A37: =A36+1 -> 28 | B37: Colcitin 0.5 gr | C37: Ktk 30 tab | R37: =BM37 -> 0 | S37: =CT37 -> 0 | T37: =EA37 -> 0 | U37: =FH37 -> 0 | V37: =GO37 -> 0 | W37: =HV37 -> 0 | X37: =JC37 -> 0 | Y37: =KJ37 -> 0 | Z37: =SUM(D37:Y37) -> 0 | AB37: ='LPLPO GUDANG'!H42 -> 0 | BM37: =SUM(AH37:BL37) -> 0 | CT37: =SUM(BO37:CS37) -> 0 | EA37: =SUM(CV37:DZ37) -> 0 | FH37: =SUM(EC37:FG37) -> 0 | GO37: =SUM(FJ37:GN37) -> 0 | HV37: =SUM(GQ37:HU37) -> 0 | JC37: =SUM(HX37:JB37) -> 0 | KJ37: =SUM(JE37:KI37) -> 0
A38: =A37+1 -> 29 | B38: Deksametason tab 0,5 mg | C38: Ktk @ 100 tablet | R38: =BM38 -> 2500 | S38: =CT38 -> 0 | T38: =EA38 -> 0 | U38: =FH38 -> 0 | V38: =GO38 -> 0 | W38: =HV38 -> 0 | X38: =JC38 -> 0 | Y38: =KJ38 -> 0 | Z38: =SUM(D38:Y38) -> 2500 | AB38: ='LPLPO GUDANG'!H43 -> 0 | AC38: -100 | AI38: 1000 | AZ38: 1000 | BF38: 500 | BM38: =SUM(AH38:BL38) -> 2500 | CT38: =SUM(BO38:CS38) -> 0 | EA38: =SUM(CV38:DZ38) -> 0 | FH38: =SUM(EC38:FG38) -> 0 | GO38: =SUM(FJ38:GN38) -> 0 | HV38: =SUM(GQ38:HU38) -> 0 | JC38: =SUM(HX38:JB38) -> 0 | KJ38: =SUM(JE38:KI38) -> 0
A39: =A38+1 -> 30 | B39: Deksametason inj 5 mg/ml (i.v./i.m.) | C39: Ampul | R39: =BM39 -> 0 | S39: =CT39 -> 0 | T39: =EA39 -> 0 | U39: =FH39 -> 0 | V39: =GO39 -> 0 | W39: =HV39 -> 0 | X39: =JC39 -> 0 | Y39: =KJ39 -> 0 | Z39: =SUM(D39:Y39) -> 0 | AB39: ='LPLPO GUDANG'!H44 -> 100 | BM39: =SUM(AH39:BL39) -> 0 | CT39: =SUM(BO39:CS39) -> 0 | EA39: =SUM(CV39:DZ39) -> 0 | FH39: =SUM(EC39:FG39) -> 0 | GO39: =SUM(FJ39:GN39) -> 0 | HV39: =SUM(GQ39:HU39) -> 0 | JC39: =SUM(HX39:JB39) -> 0 | KJ39: =SUM(JE39:KI39) -> 0
A40: =A39+1 -> 31 | B40: Dextrose 40% | C40: Botol | R40: =BM40 -> 0 | S40: =CT40 -> 0 | T40: =EA40 -> 0 | U40: =FH40 -> 0 | V40: =GO40 -> 0 | W40: =HV40 -> 0 | X40: =JC40 -> 0 | Y40: =KJ40 -> 0 | Z40: =SUM(D40:Y40) -> 0 | AB40: ='LPLPO GUDANG'!H45 -> 0 | BM40: =SUM(AH40:BL40) -> 0 | CT40: =SUM(BO40:CS40) -> 0 | EA40: =SUM(CV40:DZ40) -> 0 | FH40: =SUM(EC40:FG40) -> 0 | GO40: =SUM(FJ40:GN40) -> 0 | HV40: =SUM(GQ40:HU40) -> 0 | JC40: =SUM(HX40:JB40) -> 0 | KJ40: =SUM(JE40:KI40) -> 0
A41: =A40+1 -> 32 | B41: Diazepam inj 10 mg/ 2 ml ( i v./i.m .) stesolid | C41: Ampul @ 2 ml | R41: =BM41 -> 0 | S41: =CT41 -> 0 | T41: =EA41 -> 0 | U41: =FH41 -> 0 | V41: =GO41 -> 0 | W41: =HV41 -> 0 | X41: =JC41 -> 0 | Y41: =KJ41 -> 0 | Z41: =SUM(D41:Y41) -> 0 | AB41: ='LPLPO GUDANG'!H46 -> 5 | BM41: =SUM(AH41:BL41) -> 0 | CT41: =SUM(BO41:CS41) -> 0 | EA41: =SUM(CV41:DZ41) -> 0 | FH41: =SUM(EC41:FG41) -> 0 | GO41: =SUM(FJ41:GN41) -> 0 | HV41: =SUM(GQ41:HU41) -> 0 | JC41: =SUM(HX41:JB41) -> 0 | KJ41: =SUM(JE41:KI41) -> 0
A42: =A41+1 -> 33 | B42: Diazepam lar rektal 5 mg/2,5 ml ( Stesolid ) | C42: Tube 5 mg/2,5 ml | R42: =BM42 -> 0 | S42: =CT42 -> 0 | T42: =EA42 -> 0 | U42: =FH42 -> 0 | V42: =GO42 -> 0 | W42: =HV42 -> 0 | X42: =JC42 -> 0 | Y42: =KJ42 -> 0 | Z42: =SUM(D42:Y42) -> 0 | AB42: ='LPLPO GUDANG'!H47 -> 0 | BM42: =SUM(AH42:BL42) -> 0 | CT42: =SUM(BO42:CS42) -> 0 | EA42: =SUM(CV42:DZ42) -> 0 | FH42: =SUM(EC42:FG42) -> 0 | GO42: =SUM(FJ42:GN42) -> 0 | HV42: =SUM(GQ42:HU42) -> 0 | JC42: =SUM(HX42:JB42) -> 0 | KJ42: =SUM(JE42:KI42) -> 0
A43: =A42+1 -> 34 | B43: Diazepam tab 2 mg | C43: Btl 100 tablet | R43: =BM43 -> 0 | S43: =CT43 -> 0 | T43: =EA43 -> 0 | U43: =FH43 -> 0 | V43: =GO43 -> 0 | W43: =HV43 -> 0 | X43: =JC43 -> 0 | Y43: =KJ43 -> 0 | Z43: =SUM(D43:Y43) -> 0 | AB43: ='LPLPO GUDANG'!H48 -> 0 | BM43: =SUM(AH43:BL43) -> 0 | CT43: =SUM(BO43:CS43) -> 0 | EA43: =SUM(CV43:DZ43) -> 0 | FH43: =SUM(EC43:FG43) -> 0 | GO43: =SUM(FJ43:GN43) -> 0 | HV43: =SUM(GQ43:HU43) -> 0 | JC43: =SUM(HX43:JB43) -> 0 | KJ43: =SUM(JE43:KI43) -> 0
A44: =A43+1 -> 35 | B44: Difenhidramin inj 10 mg/ml (i.v./i.m.) | C44: Ampul @ 2 ml | R44: =BM44 -> 0 | S44: =CT44 -> 0 | T44: =EA44 -> 0 | U44: =FH44 -> 0 | V44: =GO44 -> 0 | W44: =HV44 -> 0 | X44: =JC44 -> 0 | Y44: =KJ44 -> 0 | Z44: =SUM(D44:Y44) -> 0 | AB44: ='LPLPO GUDANG'!H49 -> 20 | BM44: =SUM(AH44:BL44) -> 0 | CT44: =SUM(BO44:CS44) -> 0 | EA44: =SUM(CV44:DZ44) -> 0 | FH44: =SUM(EC44:FG44) -> 0 | GO44: =SUM(FJ44:GN44) -> 0 | HV44: =SUM(GQ44:HU44) -> 0 | JC44: =SUM(HX44:JB44) -> 0 | KJ44: =SUM(JE44:KI44) -> 0
A45: =A44+1 -> 36 | B45: Dimenhidrinat tab 50 mg | C45: Ktk @ 100 tablet | R45: =BM45 -> 400 | S45: =CT45 -> 0 | T45: =EA45 -> 0 | U45: =FH45 -> 0 | V45: =GO45 -> 0 | W45: =HV45 -> 0 | X45: =JC45 -> 0 | Y45: =KJ45 -> 0 | Z45: =SUM(D45:Y45) -> 400 | AB45: ='LPLPO GUDANG'!H50 -> 0 | BF45: 400 | BM45: =SUM(AH45:BL45) -> 400 | CT45: =SUM(BO45:CS45) -> 0 | EA45: =SUM(CV45:DZ45) -> 0 | FH45: =SUM(EC45:FG45) -> 0 | GO45: =SUM(FJ45:GN45) -> 0 | HV45: =SUM(GQ45:HU45) -> 0 | JC45: =SUM(HX45:JB45) -> 0 | KJ45: =SUM(JE45:KI45) -> 0
A46: =A45+1 -> 37 | B46: Doksisiklin kaps 100 mg | C46: Ktk @100 kapsul | R46: =BM46 -> 0 | S46: =CT46 -> 0 | T46: =EA46 -> 0 | U46: =FH46 -> 0 | V46: =GO46 -> 0 | W46: =HV46 -> 0 | X46: =JC46 -> 0 | Y46: =KJ46 -> 0 | Z46: =SUM(D46:Y46) -> 0 | AB46: ='LPLPO GUDANG'!H51 -> 200 | BM46: =SUM(AH46:BL46) -> 0 | CT46: =SUM(BO46:CS46) -> 0 | EA46: =SUM(CV46:DZ46) -> 0 | FH46: =SUM(EC46:FG46) -> 0 | GO46: =SUM(FJ46:GN46) -> 0 | HV46: =SUM(GQ46:HU46) -> 0 | JC46: =SUM(HX46:JB46) -> 0 | KJ46: =SUM(JE46:KI46) -> 0
A47: =A46+1 -> 38 | B47: Domperidon susp 5 mg/5 ml | C47: Botol | R47: =BM47 -> 0 | S47: =CT47 -> 0 | T47: =EA47 -> 10 | U47: =FH47 -> 0 | V47: =GO47 -> 0 | W47: =HV47 -> 0 | X47: =JC47 -> 0 | Y47: =KJ47 -> 0 | Z47: =SUM(D47:Y47) -> 10 | AB47: ='LPLPO GUDANG'!H52 -> 85 | BM47: =SUM(AH47:BL47) -> 0 | CT47: =SUM(BO47:CS47) -> 0 | CX47: 10 | EA47: =SUM(CV47:DZ47) -> 10 | FH47: =SUM(EC47:FG47) -> 0 | GO47: =SUM(FJ47:GN47) -> 0 | HV47: =SUM(GQ47:HU47) -> 0 | JC47: =SUM(HX47:JB47) -> 0 | KJ47: =SUM(JE47:KI47) -> 0
A48: =A47+1 -> 39 | B48: Epinefrin (adrenalin) inj 0,1% (i.v./s.k./i.m.) | C48: Ampul | R48: =BM48 -> 0 | S48: =CT48 -> 0 | T48: =EA48 -> 0 | U48: =FH48 -> 0 | V48: =GO48 -> 0 | W48: =HV48 -> 0 | X48: =JC48 -> 0 | Y48: =KJ48 -> 0 | Z48: =SUM(D48:Y48) -> 0 | AB48: ='LPLPO GUDANG'!H53 -> 15 | BM48: =SUM(AH48:BL48) -> 0 | CT48: =SUM(BO48:CS48) -> 0 | EA48: =SUM(CV48:DZ48) -> 0 | FH48: =SUM(EC48:FG48) -> 0 | GO48: =SUM(FJ48:GN48) -> 0 | HV48: =SUM(GQ48:HU48) -> 0 | JC48: =SUM(HX48:JB48) -> 0 | KJ48: =SUM(JE48:KI48) -> 0
A49: =A48+1 -> 40 | B49: Ethyl Chloride | C49: Botol | R49: =BM49 -> 0 | S49: =CT49 -> 0 | T49: =EA49 -> 0 | U49: =FH49 -> 0 | V49: =GO49 -> 0 | W49: =HV49 -> 0 | X49: =JC49 -> 0 | Y49: =KJ49 -> 0 | Z49: =SUM(D49:Y49) -> 0 | AB49: ='LPLPO GUDANG'!H54 -> 0 | BM49: =SUM(AH49:BL49) -> 0 | CT49: =SUM(BO49:CS49) -> 0 | EA49: =SUM(CV49:DZ49) -> 0 | FH49: =SUM(EC49:FG49) -> 0 | GO49: =SUM(FJ49:GN49) -> 0 | HV49: =SUM(GQ49:HU49) -> 0 | JC49: =SUM(HX49:JB49) -> 0 | KJ49: =SUM(JE49:KI49) -> 0
A50: =A49+1 -> 41 | B50: Fenobarbital tablet | C50: Ktk 100 tablet | R50: =BM50 -> 0 | S50: =CT50 -> 0 | T50: =EA50 -> 0 | U50: =FH50 -> 0 | V50: =GO50 -> 0 | W50: =HV50 -> 0 | X50: =JC50 -> 0 | Y50: =KJ50 -> 0 | Z50: =SUM(D50:Y50) -> 0 | AB50: ='LPLPO GUDANG'!H55 -> 0 | BM50: =SUM(AH50:BL50) -> 0 | CT50: =SUM(BO50:CS50) -> 0 | EA50: =SUM(CV50:DZ50) -> 0 | FH50: =SUM(EC50:FG50) -> 0 | GO50: =SUM(FJ50:GN50) -> 0 | HV50: =SUM(GQ50:HU50) -> 0 | JC50: =SUM(HX50:JB50) -> 0 | KJ50: =SUM(JE50:KI50) -> 0
A51: =A50+1 -> 42 | B51: Fitomenadion (vitamin K 1) injeksi 2 mg/ ml | C51: Ampul @ 2 ml | R51: =BM51 -> 0 | S51: =CT51 -> 0 | T51: =EA51 -> 0 | U51: =FH51 -> 0 | V51: =GO51 -> 0 | W51: =HV51 -> 0 | X51: =JC51 -> 0 | Y51: =KJ51 -> 0 | Z51: =SUM(D51:Y51) -> 0 | AB51: ='LPLPO GUDANG'!H56 -> 0 | BM51: =SUM(AH51:BL51) -> 0 | CT51: =SUM(BO51:CS51) -> 0 | EA51: =SUM(CV51:DZ51) -> 0 | FH51: =SUM(EC51:FG51) -> 0 | GO51: =SUM(FJ51:GN51) -> 0 | HV51: =SUM(GQ51:HU51) -> 0 | JC51: =SUM(HX51:JB51) -> 0 | KJ51: =SUM(JE51:KI51) -> 0
A52: =A51+1 -> 43 | B52: Fitomenadion (vitamin K 1) tab sal 10 mg | C52: Ktk @ 100 tablet | R52: =BM52 -> 500 | S52: =CT52 -> 0 | T52: =EA52 -> 0 | U52: =FH52 -> 0 | V52: =GO52 -> 0 | W52: =HV52 -> 0 | X52: =JC52 -> 0 | Y52: =KJ52 -> 0 | Z52: =SUM(D52:Y52) -> 500 | AB52: ='LPLPO GUDANG'!H57 -> 500 | AC52: BUAT KARTU STOK | BF52: 500 | BM52: =SUM(AH52:BL52) -> 500 | CT52: =SUM(BO52:CS52) -> 0 | EA52: =SUM(CV52:DZ52) -> 0 | FH52: =SUM(EC52:FG52) -> 0 | GO52: =SUM(FJ52:GN52) -> 0 | HV52: =SUM(GQ52:HU52) -> 0 | JC52: =SUM(HX52:JB52) -> 0 | KJ52: =SUM(JE52:KI52) -> 0
A53: =A52+1 -> 44 | B53: Furosemid Inj 10 mg/ml | C53: Ampul @ 2 ml | R53: =BM53 -> 0 | S53: =CT53 -> 0 | T53: =EA53 -> 0 | U53: =FH53 -> 0 | V53: =GO53 -> 0 | W53: =HV53 -> 0 | X53: =JC53 -> 0 | Y53: =KJ53 -> 0 | Z53: =SUM(D53:Y53) -> 0 | AB53: ='LPLPO GUDANG'!H58 -> 0 | BM53: =SUM(AH53:BL53) -> 0 | CT53: =SUM(BO53:CS53) -> 0 | EA53: =SUM(CV53:DZ53) -> 0 | FH53: =SUM(EC53:FG53) -> 0 | GO53: =SUM(FJ53:GN53) -> 0 | HV53: =SUM(GQ53:HU53) -> 0 | JC53: =SUM(HX53:JB53) -> 0 | KJ53: =SUM(JE53:KI53) -> 0
A54: =A53+1 -> 45 | B54: Furosemida 40 mg tablet | C54: Ktk 200 tablet | R54: =BM54 -> 200 | S54: =CT54 -> 0 | T54: =EA54 -> 0 | U54: =FH54 -> 0 | V54: =GO54 -> 0 | W54: =HV54 -> 0 | X54: =JC54 -> 0 | Y54: =KJ54 -> 0 | Z54: =SUM(D54:Y54) -> 200 | AB54: ='LPLPO GUDANG'!H59 -> 0 | BF54: 200 | BM54: =SUM(AH54:BL54) -> 200 | CT54: =SUM(BO54:CS54) -> 0 | EA54: =SUM(CV54:DZ54) -> 0 | FH54: =SUM(EC54:FG54) -> 0 | GO54: =SUM(FJ54:GN54) -> 0 | HV54: =SUM(GQ54:HU54) -> 0 | JC54: =SUM(HX54:JB54) -> 0 | KJ54: =SUM(JE54:KI54) -> 0
A55: =A54+1 -> 46 | B55: Garam Oralit | C55: Sacshet | R55: =BM55 -> 0 | S55: =CT55 -> 0 | T55: =EA55 -> 0 | U55: =FH55 -> 0 | V55: =GO55 -> 0 | W55: =HV55 -> 0 | X55: =JC55 -> 0 | Y55: =KJ55 -> 0 | Z55: =SUM(D55:Y55) -> 0 | AB55: ='LPLPO GUDANG'!H60 -> 0 | BM55: =SUM(AH55:BL55) -> 0 | CT55: =SUM(BO55:CS55) -> 0 | EA55: =SUM(CV55:DZ55) -> 0 | FH55: =SUM(EC55:FG55) -> 0 | GO55: =SUM(FJ55:GN55) -> 0 | HV55: =SUM(GQ55:HU55) -> 0 | JC55: =SUM(HX55:JB55) -> 0 | KJ55: =SUM(JE55:KI55) -> 0
A56: =A55+1 -> 47 | B56: Gentamicin Salep Kulit ( Gentalex Krim ) | C56: Tube 5 gram | R56: =BM56 -> 0 | S56: =CT56 -> 0 | T56: =EA56 -> 0 | U56: =FH56 -> 0 | V56: =GO56 -> 0 | W56: =HV56 -> 0 | X56: =JC56 -> 0 | Y56: =KJ56 -> 0 | Z56: =SUM(D56:Y56) -> 0 | AB56: ='LPLPO GUDANG'!H61 -> 0 | BM56: =SUM(AH56:BL56) -> 0 | CT56: =SUM(BO56:CS56) -> 0 | EA56: =SUM(CV56:DZ56) -> 0 | FH56: =SUM(EC56:FG56) -> 0 | GO56: =SUM(FJ56:GN56) -> 0 | HV56: =SUM(GQ56:HU56) -> 0 | JC56: =SUM(HX56:JB56) -> 0 | KJ56: =SUM(JE56:KI56) -> 0
A57: =A56+1 -> 48 | B57: Glimepirid tab 2 mg | C57: Ktk @ 100 tablet | R57: =BM57 -> 1900 | S57: =CT57 -> 0 | T57: =EA57 -> 100 | U57: =FH57 -> 0 | V57: =GO57 -> 0 | W57: =HV57 -> 0 | X57: =JC57 -> 0 | Y57: =KJ57 -> 0 | Z57: =SUM(D57:Y57) -> 2000 | AB57: ='LPLPO GUDANG'!H62 -> 500 | AZ57: 1000 | BF57: 900 | BM57: =SUM(AH57:BL57) -> 1900 | CT57: =SUM(BO57:CS57) -> 0 | CX57: 100 | EA57: =SUM(CV57:DZ57) -> 100 | FH57: =SUM(EC57:FG57) -> 0 | GO57: =SUM(FJ57:GN57) -> 0 | HV57: =SUM(GQ57:HU57) -> 0 | JC57: =SUM(HX57:JB57) -> 0 | KJ57: =SUM(JE57:KI57) -> 0
A58: =A57+1 -> 49 | B58: Gliseril guaiakolat tablet 100 mg / Guaifenasin tablet | C58: Ktk @ 100 tablet | I58: 100 | K58: 100 | R58: =BM58 -> 2300 | S58: =CT58 -> 0 | T58: =EA58 -> 200 | U58: =FH58 -> 0 | V58: =GO58 -> 0 | W58: =HV58 -> 0 | X58: =JC58 -> 0 | Y58: =KJ58 -> 0 | Z58: =SUM(D58:Y58) -> 2700 | AB58: ='LPLPO GUDANG'!H63 -> 0 | AJ58: 1000 | BF58: 1300 | BM58: =SUM(AH58:BL58) -> 2300 | CT58: =SUM(BO58:CS58) -> 0 | DL58: 200 | EA58: =SUM(CV58:DZ58) -> 200 | FH58: =SUM(EC58:FG58) -> 0 | GO58: =SUM(FJ58:GN58) -> 0 | HV58: =SUM(GQ58:HU58) -> 0 | JC58: =SUM(HX58:JB58) -> 0 | KJ58: =SUM(JE58:KI58) -> 0
A59: =A58+1 -> 50 | B59: Glukosa Larutan Infus 5 % steril | C59: Botol 500 ml | R59: =BM59 -> 40 | S59: =CT59 -> 0 | T59: =EA59 -> 0 | U59: =FH59 -> 0 | V59: =GO59 -> 0 | W59: =HV59 -> 0 | X59: =JC59 -> 0 | Y59: =KJ59 -> 0 | Z59: =SUM(D59:Y59) -> 40 | AB59: ='LPLPO GUDANG'!H64 -> 40 | BE59: 40 | BM59: =SUM(AH59:BL59) -> 40 | CT59: =SUM(BO59:CS59) -> 0 | EA59: =SUM(CV59:DZ59) -> 0 | FH59: =SUM(EC59:FG59) -> 0 | GO59: =SUM(FJ59:GN59) -> 0 | HV59: =SUM(GQ59:HU59) -> 0 | JC59: =SUM(HX59:JB59) -> 0 | KJ59: =SUM(JE59:KI59) -> 0
A60: =A59+1 -> 51 | B60: Haloperidol tab 1,5 mg | C60: Ktk @ 100 tablet | R60: =BM60 -> 0 | S60: =CT60 -> 0 | T60: =EA60 -> 0 | U60: =FH60 -> 0 | V60: =GO60 -> 0 | W60: =HV60 -> 0 | X60: =JC60 -> 0 | Y60: =KJ60 -> 0 | Z60: =SUM(D60:Y60) -> 0 | AB60: ='LPLPO GUDANG'!H65 -> 1000 | BM60: =SUM(AH60:BL60) -> 0 | CT60: =SUM(BO60:CS60) -> 0 | EA60: =SUM(CV60:DZ60) -> 0 | FH60: =SUM(EC60:FG60) -> 0 | GO60: =SUM(FJ60:GN60) -> 0 | HV60: =SUM(GQ60:HU60) -> 0 | JC60: =SUM(HX60:JB60) -> 0 | KJ60: =SUM(JE60:KI60) -> 0
A61: =A60+1 -> 52 | B61: Haloperidol tab 5 mg | C61: Ktk @ 100 tablet | R61: =BM61 -> 0 | S61: =CT61 -> 0 | T61: =EA61 -> 0 | U61: =FH61 -> 0 | V61: =GO61 -> 0 | W61: =HV61 -> 0 | X61: =JC61 -> 0 | Y61: =KJ61 -> 0 | Z61: =SUM(D61:Y61) -> 0 | AB61: ='LPLPO GUDANG'!H66 -> 0 | BM61: =SUM(AH61:BL61) -> 0 | CT61: =SUM(BO61:CS61) -> 0 | EA61: =SUM(CV61:DZ61) -> 0 | FH61: =SUM(EC61:FG61) -> 0 | GO61: =SUM(FJ61:GN61) -> 0 | HV61: =SUM(GQ61:HU61) -> 0 | JC61: =SUM(HX61:JB61) -> 0 | KJ61: =SUM(JE61:KI61) -> 0
A62: =A61+1 -> 53 | B62: Hidrokortison krim 2,5% | C62: tube @ 5 gram | R62: =BM62 -> 0 | S62: =CT62 -> 0 | T62: =EA62 -> 0 | U62: =FH62 -> 0 | V62: =GO62 -> 0 | W62: =HV62 -> 0 | X62: =JC62 -> 0 | Y62: =KJ62 -> 0 | Z62: =SUM(D62:Y62) -> 0 | AB62: ='LPLPO GUDANG'!H67 -> 72 | AC62: dr mia | BM62: =SUM(AH62:BL62) -> 0 | CT62: =SUM(BO62:CS62) -> 0 | EA62: =SUM(CV62:DZ62) -> 0 | FH62: =SUM(EC62:FG62) -> 0 | GO62: =SUM(FJ62:GN62) -> 0 | HV62: =SUM(GQ62:HU62) -> 0 | JC62: =SUM(HX62:JB62) -> 0 | KJ62: =SUM(JE62:KI62) -> 0
A63: =A62+1 -> 54 | B63: Hiosina butilbromida tab 10 mg ( Buscopan ) | C63: Ktk 10 x 10 Tablet | R63: =BM63 -> 300 | S63: =CT63 -> 0 | T63: =EA63 -> 0 | U63: =FH63 -> 0 | V63: =GO63 -> 0 | W63: =HV63 -> 0 | X63: =JC63 -> 0 | Y63: =KJ63 -> 0 | Z63: =SUM(D63:Y63) -> 300 | AB63: ='LPLPO GUDANG'!H68 -> 0 | BF63: 300 | BM63: =SUM(AH63:BL63) -> 300 | CT63: =SUM(BO63:CS63) -> 0 | EA63: =SUM(CV63:DZ63) -> 0 | FH63: =SUM(EC63:FG63) -> 0 | GO63: =SUM(FJ63:GN63) -> 0 | HV63: =SUM(GQ63:HU63) -> 0 | JC63: =SUM(HX63:JB63) -> 0 | KJ63: =SUM(JE63:KI63) -> 0
A64: =A63+1 -> 55 | B64: Ibuprofen sir 100 mg/5 ml | C64: Botol | R64: =BM64 -> 0 | S64: =CT64 -> 0 | T64: =EA64 -> 10 | U64: =FH64 -> 0 | V64: =GO64 -> 0 | W64: =HV64 -> 0 | X64: =JC64 -> 0 | Y64: =KJ64 -> 0 | Z64: =SUM(D64:Y64) -> 10 | AB64: ='LPLPO GUDANG'!H69 -> 90 | AC64: -1 | BM64: =SUM(AH64:BL64) -> 0 | CT64: =SUM(BO64:CS64) -> 0 | CX64: 10 | EA64: =SUM(CV64:DZ64) -> 10 | FH64: =SUM(EC64:FG64) -> 0 | GO64: =SUM(FJ64:GN64) -> 0 | HV64: =SUM(GQ64:HU64) -> 0 | JC64: =SUM(HX64:JB64) -> 0 | KJ64: =SUM(JE64:KI64) -> 0
A65: =A64+1 -> 56 | B65: Ibuprofen tab 400 mg | C65: Ktk 100 tablet | F65: 100 | I65: 100 | R65: =BM65 -> 1200 | S65: =CT65 -> 0 | T65: =EA65 -> 100 | U65: =FH65 -> 0 | V65: =GO65 -> 0 | W65: =HV65 -> 0 | X65: =JC65 -> 0 | Y65: =KJ65 -> 0 | Z65: =SUM(D65:Y65) -> 1500 | AB65: ='LPLPO GUDANG'!H70 -> 500 | BE65: 1200 | BM65: =SUM(AH65:BL65) -> 1200 | CT65: =SUM(BO65:CS65) -> 0 | DL65: 100 | EA65: =SUM(CV65:DZ65) -> 100 | FH65: =SUM(EC65:FG65) -> 0 | GO65: =SUM(FJ65:GN65) -> 0 | HV65: =SUM(GQ65:HU65) -> 0 | JC65: =SUM(HX65:JB65) -> 0 | KJ65: =SUM(JE65:KI65) -> 0
A66: =A65+1 -> 57 | B66: Isosorbid dinitrat tab 5 mg | C66: Ktk @ 100 tablet | R66: =BM66 -> 0 | S66: =CT66 -> 0 | T66: =EA66 -> 0 | U66: =FH66 -> 0 | V66: =GO66 -> 0 | W66: =HV66 -> 0 | X66: =JC66 -> 0 | Y66: =KJ66 -> 0 | Z66: =SUM(D66:Y66) -> 0 | AB66: ='LPLPO GUDANG'!H71 -> 0 | BM66: =SUM(AH66:BL66) -> 0 | CT66: =SUM(BO66:CS66) -> 0 | EA66: =SUM(CV66:DZ66) -> 0 | FH66: =SUM(EC66:FG66) -> 0 | GO66: =SUM(FJ66:GN66) -> 0 | HV66: =SUM(GQ66:HU66) -> 0 | JC66: =SUM(HX66:JB66) -> 0 | KJ66: =SUM(JE66:KI66) -> 0
A67: =A66+1 -> 58 | B67: Kalsium laktat (kalk) tab 500 mg | C67: Ktk @ 100 tablet | H67: 100 | R67: =BM67 -> 2200 | S67: =CT67 -> 0 | T67: =EA67 -> 0 | U67: =FH67 -> 0 | V67: =GO67 -> 0 | W67: =HV67 -> 0 | X67: =JC67 -> 0 | Y67: =KJ67 -> 0 | Z67: =SUM(D67:Y67) -> 2300 | AB67: ='LPLPO GUDANG'!H72 -> 0 | AT67: 1000 | BF67: 1200 | BM67: =SUM(AH67:BL67) -> 2200 | CT67: =SUM(BO67:CS67) -> 0 | EA67: =SUM(CV67:DZ67) -> 0 | FH67: =SUM(EC67:FG67) -> 0 | GO67: =SUM(FJ67:GN67) -> 0 | HV67: =SUM(GQ67:HU67) -> 0 | JC67: =SUM(HX67:JB67) -> 0 | KJ67: =SUM(JE67:KI67) -> 0
A68: =A67+1 -> 59 | B68: Kaptopril tab 25 mg | C68: Ktk @ 100 tablet | R68: =BM68 -> 800 | S68: =CT68 -> 0 | T68: =EA68 -> 100 | U68: =FH68 -> 0 | V68: =GO68 -> 0 | W68: =HV68 -> 0 | X68: =JC68 -> 0 | Y68: =KJ68 -> 0 | Z68: =SUM(D68:Y68) -> 900 | AB68: ='LPLPO GUDANG'!H73 -> 0 | AJ68: 500 | BE68: 300 | BM68: =SUM(AH68:BL68) -> 800 | CT68: =SUM(BO68:CS68) -> 0 | CX68: 100 | EA68: =SUM(CV68:DZ68) -> 100 | FH68: =SUM(EC68:FG68) -> 0 | GO68: =SUM(FJ68:GN68) -> 0 | HV68: =SUM(GQ68:HU68) -> 0 | JC68: =SUM(HX68:JB68) -> 0 | KJ68: =SUM(JE68:KI68) -> 0
A69: =A68+1 -> 60 | B69: Karbamazepin tab 200 mg | C69: Ktk @ 100 tablet | R69: =BM69 -> 0 | S69: =CT69 -> 0 | T69: =EA69 -> 0 | U69: =FH69 -> 0 | V69: =GO69 -> 0 | W69: =HV69 -> 0 | X69: =JC69 -> 0 | Y69: =KJ69 -> 0 | Z69: =SUM(D69:Y69) -> 0 | AB69: ='LPLPO GUDANG'!H74 -> 500 | BM69: =SUM(AH69:BL69) -> 0 | CT69: =SUM(BO69:CS69) -> 0 | EA69: =SUM(CV69:DZ69) -> 0 | FH69: =SUM(EC69:FG69) -> 0 | GO69: =SUM(FJ69:GN69) -> 0 | HV69: =SUM(GQ69:HU69) -> 0 | JC69: =SUM(HX69:JB69) -> 0 | KJ69: =SUM(JE69:KI69) -> 0
A70: =A69+1 -> 61 | B70: Karbogliserin tts telinga 10 % ( Fenol gliserol ) | C70: Botol | R70: =BM70 -> 0 | S70: =CT70 -> 0 | T70: =EA70 -> 0 | U70: =FH70 -> 0 | V70: =GO70 -> 0 | W70: =HV70 -> 0 | X70: =JC70 -> 0 | Y70: =KJ70 -> 0 | Z70: =SUM(D70:Y70) -> 0 | AB70: ='LPLPO GUDANG'!H75 -> 24 | BM70: =SUM(AH70:BL70) -> 0 | CT70: =SUM(BO70:CS70) -> 0 | EA70: =SUM(CV70:DZ70) -> 0 | FH70: =SUM(EC70:FG70) -> 0 | GO70: =SUM(FJ70:GN70) -> 0 | HV70: =SUM(GQ70:HU70) -> 0 | JC70: =SUM(HX70:JB70) -> 0 | KJ70: =SUM(JE70:KI70) -> 0
A71: =A70+1 -> 62 | B71: Ketokonazol tab 200 mg | C71: Ktk 5 x 10 Tablet | R71: =BM71 -> 0 | S71: =CT71 -> 0 | T71: =EA71 -> 0 | U71: =FH71 -> 0 | V71: =GO71 -> 0 | W71: =HV71 -> 0 | X71: =JC71 -> 0 | Y71: =KJ71 -> 0 | Z71: =SUM(D71:Y71) -> 0 | AB71: ='LPLPO GUDANG'!H76 -> 400 | BM71: =SUM(AH71:BL71) -> 0 | CT71: =SUM(BO71:CS71) -> 0 | EA71: =SUM(CV71:DZ71) -> 0 | FH71: =SUM(EC71:FG71) -> 0 | GO71: =SUM(FJ71:GN71) -> 0 | HV71: =SUM(GQ71:HU71) -> 0 | JC71: =SUM(HX71:JB71) -> 0 | KJ71: =SUM(JE71:KI71) -> 0
A72: =A71+1 -> 63 | B72: Kloramfenikol 250 mg kapsul | C72: Ktk @100 kapsul | R72: =BM72 -> 0 | S72: =CT72 -> 0 | T72: =EA72 -> 0 | U72: =FH72 -> 0 | V72: =GO72 -> 0 | W72: =HV72 -> 0 | X72: =JC72 -> 0 | Y72: =KJ72 -> 0 | Z72: =SUM(D72:Y72) -> 0 | AB72: ='LPLPO GUDANG'!H77 -> 200 | BM72: =SUM(AH72:BL72) -> 0 | CT72: =SUM(BO72:CS72) -> 0 | EA72: =SUM(CV72:DZ72) -> 0 | FH72: =SUM(EC72:FG72) -> 0 | GO72: =SUM(FJ72:GN72) -> 0 | HV72: =SUM(GQ72:HU72) -> 0 | JC72: =SUM(HX72:JB72) -> 0 | KJ72: =SUM(JE72:KI72) -> 0
A73: =A72+1 -> 64 | B73: Kloramfenikol Salep Kulit 2% ( Bufacetin ) | C73: Tube @ 15 gr | I73: 5 | R73: =BM73 -> 0 | S73: =CT73 -> 10 | T73: =EA73 -> 0 | U73: =FH73 -> 0 | V73: =GO73 -> 0 | W73: =HV73 -> 0 | X73: =JC73 -> 0 | Y73: =KJ73 -> 0 | Z73: =SUM(D73:Y73) -> 15 | AB73: ='LPLPO GUDANG'!H78 -> 65 | BM73: =SUM(AH73:BL73) -> 0 | CI73: 10 | CT73: =SUM(BO73:CS73) -> 10 | EA73: =SUM(CV73:DZ73) -> 0 | FH73: =SUM(EC73:FG73) -> 0 | GO73: =SUM(FJ73:GN73) -> 0 | HV73: =SUM(GQ73:HU73) -> 0 | JC73: =SUM(HX73:JB73) -> 0 | KJ73: =SUM(JE73:KI73) -> 0
A74: =A73+1 -> 65 | B74: Kloramfenikol salep mata 1% | C74: Tube @ 5 gr | R74: =BM74 -> 0 | S74: =CT74 -> 0 | T74: =EA74 -> 0 | U74: =FH74 -> 0 | V74: =GO74 -> 0 | W74: =HV74 -> 0 | X74: =JC74 -> 0 | Y74: =KJ74 -> 0 | Z74: =SUM(D74:Y74) -> 0 | AB74: ='LPLPO GUDANG'!H79 -> 24 | BM74: =SUM(AH74:BL74) -> 0 | CT74: =SUM(BO74:CS74) -> 0 | EA74: =SUM(CV74:DZ74) -> 0 | FH74: =SUM(EC74:FG74) -> 0 | GO74: =SUM(FJ74:GN74) -> 0 | HV74: =SUM(GQ74:HU74) -> 0 | JC74: =SUM(HX74:JB74) -> 0 | KJ74: =SUM(JE74:KI74) -> 0
A75: =A74+1 -> 66 | B75: Kloramfenikol susp 125 mg/5 ml | C75: Botol | R75: =BM75 -> 0 | S75: =CT75 -> 0 | T75: =EA75 -> 0 | U75: =FH75 -> 0 | V75: =GO75 -> 0 | W75: =HV75 -> 0 | X75: =JC75 -> 0 | Y75: =KJ75 -> 0 | Z75: =SUM(D75:Y75) -> 0 | AB75: ='LPLPO GUDANG'!H80 -> 0 | BM75: =SUM(AH75:BL75) -> 0 | CT75: =SUM(BO75:CS75) -> 0 | EA75: =SUM(CV75:DZ75) -> 0 | FH75: =SUM(EC75:FG75) -> 0 | GO75: =SUM(FJ75:GN75) -> 0 | HV75: =SUM(GQ75:HU75) -> 0 | JC75: =SUM(HX75:JB75) -> 0 | KJ75: =SUM(JE75:KI75) -> 0
A76: =A75+1 -> 67 | B76: Kloramfenikol Tetes Telinga ( ERLAMYCETIN | C76: Botol | R76: =BM76 -> 0 | S76: =CT76 -> 0 | T76: =EA76 -> 0 | U76: =FH76 -> 0 | V76: =GO76 -> 0 | W76: =HV76 -> 0 | X76: =JC76 -> 0 | Y76: =KJ76 -> 0 | Z76: =SUM(D76:Y76) -> 0 | AB76: ='LPLPO GUDANG'!H81 -> 0 | BM76: =SUM(AH76:BL76) -> 0 | CT76: =SUM(BO76:CS76) -> 0 | EA76: =SUM(CV76:DZ76) -> 0 | FH76: =SUM(EC76:FG76) -> 0 | GO76: =SUM(FJ76:GN76) -> 0 | HV76: =SUM(GQ76:HU76) -> 0 | JC76: =SUM(HX76:JB76) -> 0 | KJ76: =SUM(JE76:KI76) -> 0
A77: =A76+1 -> 68 | B77: Kloramfenikol tts mata 0,5% ( Decacetine) | C77: Botol | R77: =BM77 -> 0 | S77: =CT77 -> 0 | T77: =EA77 -> 0 | U77: =FH77 -> 0 | V77: =GO77 -> 0 | W77: =HV77 -> 0 | X77: =JC77 -> 0 | Y77: =KJ77 -> 0 | Z77: =SUM(D77:Y77) -> 0 | AB77: ='LPLPO GUDANG'!H82 -> 0 | BM77: =SUM(AH77:BL77) -> 0 | CT77: =SUM(BO77:CS77) -> 0 | EA77: =SUM(CV77:DZ77) -> 0 | FH77: =SUM(EC77:FG77) -> 0 | GO77: =SUM(FJ77:GN77) -> 0 | HV77: =SUM(GQ77:HU77) -> 0 | JC77: =SUM(HX77:JB77) -> 0 | KJ77: =SUM(JE77:KI77) -> 0
A78: =A77+1 -> 69 | B78: Klorfeniramin Maleat ( CTM ) tab 4 mg | C78: Ktk @ 100 tablet | I78: 100 | M78: 100 | R78: =BM78 -> 2000 | S78: =CT78 -> 0 | T78: =EA78 -> 0 | U78: =FH78 -> 0 | V78: =GO78 -> 0 | W78: =HV78 -> 0 | X78: =JC78 -> 0 | Y78: =KJ78 -> 0 | Z78: =SUM(D78:Y78) -> 2200 | AB78: ='LPLPO GUDANG'!H83 -> 1000 | AJ78: 1000 | BF78: 1000 | BM78: =SUM(AH78:BL78) -> 2000 | CT78: =SUM(BO78:CS78) -> 0 | EA78: =SUM(CV78:DZ78) -> 0 | FH78: =SUM(EC78:FG78) -> 0 | GO78: =SUM(FJ78:GN78) -> 0 | HV78: =SUM(GQ78:HU78) -> 0 | JC78: =SUM(HX78:JB78) -> 0 | KJ78: =SUM(JE78:KI78) -> 0
A79: =A78+1 -> 70 | B79: Klorpromazin tablet 100 mg | C79: Ktk @ 100 tablet | R79: =BM79 -> 0 | S79: =CT79 -> 0 | T79: =EA79 -> 0 | U79: =FH79 -> 0 | V79: =GO79 -> 0 | W79: =HV79 -> 0 | X79: =JC79 -> 0 | Y79: =KJ79 -> 0 | Z79: =SUM(D79:Y79) -> 0 | AB79: ='LPLPO GUDANG'!H84 -> 1000 | BM79: =SUM(AH79:BL79) -> 0 | CT79: =SUM(BO79:CS79) -> 0 | EA79: =SUM(CV79:DZ79) -> 0 | FH79: =SUM(EC79:FG79) -> 0 | GO79: =SUM(FJ79:GN79) -> 0 | HV79: =SUM(GQ79:HU79) -> 0 | JC79: =SUM(HX79:JB79) -> 0 | KJ79: =SUM(JE79:KI79) -> 0
A80: =A79+1 -> 71 | B80: Kodein tab 10 mg | C80: Ktk @ 100 tablet | R80: =BM80 -> 0 | S80: =CT80 -> 0 | T80: =EA80 -> 0 | U80: =FH80 -> 0 | V80: =GO80 -> 0 | W80: =HV80 -> 0 | X80: =JC80 -> 0 | Y80: =KJ80 -> 0 | Z80: =SUM(D80:Y80) -> 0 | AB80: ='LPLPO GUDANG'!H85 -> 0 | BM80: =SUM(AH80:BL80) -> 0 | CT80: =SUM(BO80:CS80) -> 0 | EA80: =SUM(CV80:DZ80) -> 0 | FH80: =SUM(EC80:FG80) -> 0 | GO80: =SUM(FJ80:GN80) -> 0 | HV80: =SUM(GQ80:HU80) -> 0 | JC80: =SUM(HX80:JB80) -> 0 | KJ80: =SUM(JE80:KI80) -> 0
A81: =A80+1 -> 72 | B81: Kotrimoksazol (dewasa) kombinasi : sulfametoksazol 400 mg+ trimetoprim 80 mg | C81: Ktk @ 100 tablet | R81: =BM81 -> 0 | S81: =CT81 -> 0 | T81: =EA81 -> 0 | U81: =FH81 -> 0 | V81: =GO81 -> 0 | W81: =HV81 -> 0 | X81: =JC81 -> 0 | Y81: =KJ81 -> 0 | Z81: =SUM(D81:Y81) -> 0 | AB81: ='LPLPO GUDANG'!H86 -> 500 | BM81: =SUM(AH81:BL81) -> 0 | CT81: =SUM(BO81:CS81) -> 0 | EA81: =SUM(CV81:DZ81) -> 0 | FH81: =SUM(EC81:FG81) -> 0 | GO81: =SUM(FJ81:GN81) -> 0 | HV81: =SUM(GQ81:HU81) -> 0 | JC81: =SUM(HX81:JB81) -> 0 | KJ81: =SUM(JE81:KI81) -> 0
A82: =A81+1 -> 73 | B82: Kotrimoksazol (dewasa) kombinasi tiap 5 ml suspensi : sulfametoksazol 200 mg + trimetoprim 40 mg | C82: Btl 60 ml | R82: =BM82 -> 0 | S82: =CT82 -> 0 | T82: =EA82 -> 0 | U82: =FH82 -> 0 | V82: =GO82 -> 0 | W82: =HV82 -> 0 | X82: =JC82 -> 0 | Y82: =KJ82 -> 0 | Z82: =SUM(D82:Y82) -> 0 | AB82: ='LPLPO GUDANG'!H87 -> 30 | BM82: =SUM(AH82:BL82) -> 0 | CT82: =SUM(BO82:CS82) -> 0 | EA82: =SUM(CV82:DZ82) -> 0 | FH82: =SUM(EC82:FG82) -> 0 | GO82: =SUM(FJ82:GN82) -> 0 | HV82: =SUM(GQ82:HU82) -> 0 | JC82: =SUM(HX82:JB82) -> 0 | KJ82: =SUM(JE82:KI82) -> 0
A83: =A82+1 -> 74 | B83: Lidokain inj 2% (hcl) | C83: ampul @ 2 ml | R83: =BM83 -> 0 | S83: =CT83 -> 0 | T83: =EA83 -> 0 | U83: =FH83 -> 0 | V83: =GO83 -> 0 | W83: =HV83 -> 0 | X83: =JC83 -> 0 | Y83: =KJ83 -> 0 | Z83: =SUM(D83:Y83) -> 0 | AB83: ='LPLPO GUDANG'!H88 -> 85 | AC83: apotik 50 | BM83: =SUM(AH83:BL83) -> 0 | CT83: =SUM(BO83:CS83) -> 0 | EA83: =SUM(CV83:DZ83) -> 0 | FH83: =SUM(EC83:FG83) -> 0 | GO83: =SUM(FJ83:GN83) -> 0 | HV83: =SUM(GQ83:HU83) -> 0 | JC83: =SUM(HX83:JB83) -> 0 | KJ83: =SUM(JE83:KI83) -> 0
A84: =A83+1 -> 75 | B84: Metamizol Natrium (Norages) Injeksi | C84: Ampul | R84: =BM84 -> 100 | S84: =CT84 -> 0 | T84: =EA84 -> 0 | U84: =FH84 -> 0 | V84: =GO84 -> 0 | W84: =HV84 -> 0 | X84: =JC84 -> 0 | Y84: =KJ84 -> 0 | Z84: =SUM(D84:Y84) -> 100 | AB84: ='LPLPO GUDANG'!H89 -> 0 | AZ84: 100 | BM84: =SUM(AH84:BL84) -> 100 | CT84: =SUM(BO84:CS84) -> 0 | EA84: =SUM(CV84:DZ84) -> 0 | FH84: =SUM(EC84:FG84) -> 0 | GO84: =SUM(FJ84:GN84) -> 0 | HV84: =SUM(GQ84:HU84) -> 0 | JC84: =SUM(HX84:JB84) -> 0 | KJ84: =SUM(JE84:KI84) -> 0
A85: =A84+1 -> 76 | B85: Metformin tab 500 mg | C85: Ktk 10 x 10 Tablet | R85: =BM85 -> 4000 | S85: =CT85 -> 0 | T85: =EA85 -> 0 | U85: =FH85 -> 0 | V85: =GO85 -> 0 | W85: =HV85 -> 0 | X85: =JC85 -> 0 | Y85: =KJ85 -> 0 | Z85: =SUM(D85:Y85) -> 4000 | AB85: ='LPLPO GUDANG'!H90 -> 0 | BE85: 4000 | BM85: =SUM(AH85:BL85) -> 4000 | CT85: =SUM(BO85:CS85) -> 0 | EA85: =SUM(CV85:DZ85) -> 0 | FH85: =SUM(EC85:FG85) -> 0 | GO85: =SUM(FJ85:GN85) -> 0 | HV85: =SUM(GQ85:HU85) -> 0 | JC85: =SUM(HX85:JB85) -> 0 | KJ85: =SUM(JE85:KI85) -> 0
A86: =A85+1 -> 77 | B86: Metilergometrin Maleat Inj 0,2 mg/ml | C86: Ampul | R86: =BM86 -> 0 | S86: =CT86 -> 0 | T86: =EA86 -> 0 | U86: =FH86 -> 0 | V86: =GO86 -> 0 | W86: =HV86 -> 0 | X86: =JC86 -> 0 | Y86: =KJ86 -> 0 | Z86: =SUM(D86:Y86) -> 0 | AB86: ='LPLPO GUDANG'!H91 -> 0 | BM86: =SUM(AH86:BL86) -> 0 | CT86: =SUM(BO86:CS86) -> 0 | EA86: =SUM(CV86:DZ86) -> 0 | FH86: =SUM(EC86:FG86) -> 0 | GO86: =SUM(FJ86:GN86) -> 0 | HV86: =SUM(GQ86:HU86) -> 0 | JC86: =SUM(HX86:JB86) -> 0 | KJ86: =SUM(JE86:KI86) -> 0
A87: =A86+1 -> 78 | B87: Metilergometrin Maleat tab salut 0,125 mg | C87: Ktk @ 100 tablet | R87: =BM87 -> 0 | S87: =CT87 -> 0 | T87: =EA87 -> 0 | U87: =FH87 -> 0 | V87: =GO87 -> 0 | W87: =HV87 -> 0 | X87: =JC87 -> 0 | Y87: =KJ87 -> 0 | Z87: =SUM(D87:Y87) -> 0 | AB87: ='LPLPO GUDANG'!H92 -> 400 | BM87: =SUM(AH87:BL87) -> 0 | CT87: =SUM(BO87:CS87) -> 0 | EA87: =SUM(CV87:DZ87) -> 0 | FH87: =SUM(EC87:FG87) -> 0 | GO87: =SUM(FJ87:GN87) -> 0 | HV87: =SUM(GQ87:HU87) -> 0 | JC87: =SUM(HX87:JB87) -> 0 | KJ87: =SUM(JE87:KI87) -> 0
A88: =A87+1 -> 79 | B88: Metilprednisolon tab 4 mg | C88: Ktk @ 100 tablet | R88: =BM88 -> 1000 | S88: =CT88 -> 0 | T88: =EA88 -> 0 | U88: =FH88 -> 0 | V88: =GO88 -> 0 | W88: =HV88 -> 0 | X88: =JC88 -> 0 | Y88: =KJ88 -> 0 | Z88: =SUM(D88:Y88) -> 1000 | AB88: ='LPLPO GUDANG'!H93 -> 500 | BF88: 1000 | BM88: =SUM(AH88:BL88) -> 1000 | CT88: =SUM(BO88:CS88) -> 0 | EA88: =SUM(CV88:DZ88) -> 0 | FH88: =SUM(EC88:FG88) -> 0 | GO88: =SUM(FJ88:GN88) -> 0 | HV88: =SUM(GQ88:HU88) -> 0 | JC88: =SUM(HX88:JB88) -> 0 | KJ88: =SUM(JE88:KI88) -> 0
A89: =A88+1 -> 80 | B89: Metoklopramid tab 10 mg | C89: Ktk @ 100 tablet | R89: =BM89 -> 0 | S89: =CT89 -> 0 | T89: =EA89 -> 0 | U89: =FH89 -> 0 | V89: =GO89 -> 0 | W89: =HV89 -> 0 | X89: =JC89 -> 0 | Y89: =KJ89 -> 0 | Z89: =SUM(D89:Y89) -> 0 | AB89: ='LPLPO GUDANG'!H94 -> 0 | BM89: =SUM(AH89:BL89) -> 0 | CT89: =SUM(BO89:CS89) -> 0 | EA89: =SUM(CV89:DZ89) -> 0 | FH89: =SUM(EC89:FG89) -> 0 | GO89: =SUM(FJ89:GN89) -> 0 | HV89: =SUM(GQ89:HU89) -> 0 | JC89: =SUM(HX89:JB89) -> 0 | KJ89: =SUM(JE89:KI89) -> 0
A90: =A89+1 -> 81 | B90: Metronidazol tab 500 mg | C90: Ktk @ 100 tablet | R90: =BM90 -> 500 | S90: =CT90 -> 0 | T90: =EA90 -> 0 | U90: =FH90 -> 0 | V90: =GO90 -> 0 | W90: =HV90 -> 0 | X90: =JC90 -> 0 | Y90: =KJ90 -> 0 | Z90: =SUM(D90:Y90) -> 500 | AB90: ='LPLPO GUDANG'!H95 -> 500 | BF90: 500 | BM90: =SUM(AH90:BL90) -> 500 | CT90: =SUM(BO90:CS90) -> 0 | EA90: =SUM(CV90:DZ90) -> 0 | FH90: =SUM(EC90:FG90) -> 0 | GO90: =SUM(FJ90:GN90) -> 0 | HV90: =SUM(GQ90:HU90) -> 0 | JC90: =SUM(HX90:JB90) -> 0 | KJ90: =SUM(JE90:KI90) -> 0
A91: =A90+1 -> 82 | B91: Metronidazole Infus | C91: Botol | R91: =BM91 -> 0 | S91: =CT91 -> 0 | T91: =EA91 -> 0 | U91: =FH91 -> 0 | V91: =GO91 -> 0 | W91: =HV91 -> 0 | X91: =JC91 -> 0 | Y91: =KJ91 -> 0 | Z91: =SUM(D91:Y91) -> 0 | AB91: ='LPLPO GUDANG'!H96 -> 0 | BM91: =SUM(AH91:BL91) -> 0 | CT91: =SUM(BO91:CS91) -> 0 | EA91: =SUM(CV91:DZ91) -> 0 | FH91: =SUM(EC91:FG91) -> 0 | GO91: =SUM(FJ91:GN91) -> 0 | HV91: =SUM(GQ91:HU91) -> 0 | JC91: =SUM(HX91:JB91) -> 0 | KJ91: =SUM(JE91:KI91) -> 0
A92: =A91+1 -> 83 | B92: Mikonazol krim 2% | C92: Tube 10 gram | I92: 5 | P92: 5 | R92: =BM92 -> 0 | S92: =CT92 -> 0 | T92: =EA92 -> 0 | U92: =FH92 -> 0 | V92: =GO92 -> 0 | W92: =HV92 -> 0 | X92: =JC92 -> 0 | Y92: =KJ92 -> 0 | Z92: =SUM(D92:Y92) -> 10 | AB92: ='LPLPO GUDANG'!H97 -> 40 | AC92: -5 | BM92: =SUM(AH92:BL92) -> 0 | CT92: =SUM(BO92:CS92) -> 0 | EA92: =SUM(CV92:DZ92) -> 0 | FH92: =SUM(EC92:FG92) -> 0 | GO92: =SUM(FJ92:GN92) -> 0 | HV92: =SUM(GQ92:HU92) -> 0 | JC92: =SUM(HX92:JB92) -> 0 | KJ92: =SUM(JE92:KI92) -> 0
A93: =A92+1 -> 84 | B93: NaCl 0,9% Larutan | C93: Botol 500 ml | R93: =BM93 -> 50 | S93: =CT93 -> 40 | T93: =EA93 -> 0 | U93: =FH93 -> 0 | V93: =GO93 -> 10 | W93: =HV93 -> 0 | X93: =JC93 -> 0 | Y93: =KJ93 -> 0 | Z93: =SUM(D93:Y93) -> 100 | AB93: ='LPLPO GUDANG'!H98 -> 0 | BE93: 50 | BM93: =SUM(AH93:BL93) -> 50 | BQ93: 20 | CI93: 20 | CT93: =SUM(BO93:CS93) -> 40 | EA93: =SUM(CV93:DZ93) -> 0 | FH93: =SUM(EC93:FG93) -> 0 | FU93: 10 | GO93: =SUM(FJ93:GN93) -> 10 | HV93: =SUM(GQ93:HU93) -> 0 | JC93: =SUM(HX93:JB93) -> 0 | KJ93: =SUM(JE93:KI93) -> 0
A94: =A93+1 -> 85 | B94: N-asetil sistein kaps 200 mg | C94: Ktk @100 kapsul | R94: =BM94 -> 1000 | S94: =CT94 -> 0 | T94: =EA94 -> 0 | U94: =FH94 -> 0 | V94: =GO94 -> 0 | W94: =HV94 -> 0 | X94: =JC94 -> 0 | Y94: =KJ94 -> 0 | Z94: =SUM(D94:Y94) -> 1000 | AB94: ='LPLPO GUDANG'!H99 -> 1000 | BF94: 1000 | BM94: =SUM(AH94:BL94) -> 1000 | CT94: =SUM(BO94:CS94) -> 0 | EA94: =SUM(CV94:DZ94) -> 0 | FH94: =SUM(EC94:FG94) -> 0 | GO94: =SUM(FJ94:GN94) -> 0 | HV94: =SUM(GQ94:HU94) -> 0 | JC94: =SUM(HX94:JB94) -> 0 | KJ94: =SUM(JE94:KI94) -> 0
A95: =A94+1 -> 86 | B95: Natrium diklofenak tab 50 mg | C95: Ktk 5 x 10 Tablet | R95: =BM95 -> 2000 | S95: =CT95 -> 0 | T95: =EA95 -> 200 | U95: =FH95 -> 0 | V95: =GO95 -> 0 | W95: =HV95 -> 0 | X95: =JC95 -> 0 | Y95: =KJ95 -> 0 | Z95: =SUM(D95:Y95) -> 2200 | AB95: ='LPLPO GUDANG'!H100 -> 800 | AC95: apotik 900 | AZ95: 1000 | BF95: 1000 | BM95: =SUM(AH95:BL95) -> 2000 | CT95: =SUM(BO95:CS95) -> 0 | CX95: 200 | EA95: =SUM(CV95:DZ95) -> 200 | FH95: =SUM(EC95:FG95) -> 0 | GO95: =SUM(FJ95:GN95) -> 0 | HV95: =SUM(GQ95:HU95) -> 0 | JC95: =SUM(HX95:JB95) -> 0 | KJ95: =SUM(JE95:KI95) -> 0
A96: =A95+1 -> 87 | B96: Nifedipin kaps 10 mg | C96: Ktk @ 100 tablet | R96: =BM96 -> 0 | S96: =CT96 -> 0 | T96: =EA96 -> 0 | U96: =FH96 -> 0 | V96: =GO96 -> 0 | W96: =HV96 -> 0 | X96: =JC96 -> 0 | Y96: =KJ96 -> 0 | Z96: =SUM(D96:Y96) -> 0 | AB96: ='LPLPO GUDANG'!H101 -> 300 | BM96: =SUM(AH96:BL96) -> 0 | CT96: =SUM(BO96:CS96) -> 0 | EA96: =SUM(CV96:DZ96) -> 0 | FH96: =SUM(EC96:FG96) -> 0 | GO96: =SUM(FJ96:GN96) -> 0 | HV96: =SUM(GQ96:HU96) -> 0 | JC96: =SUM(HX96:JB96) -> 0 | KJ96: =SUM(JE96:KI96) -> 0
A97: =A96+1 -> 88 | B97: Nistatin tab vaginal 100.000 UI | C97: Ktk @ 100 tablet | R97: =BM97 -> 0 | S97: =CT97 -> 0 | T97: =EA97 -> 0 | U97: =FH97 -> 0 | V97: =GO97 -> 0 | W97: =HV97 -> 0 | X97: =JC97 -> 0 | Y97: =KJ97 -> 0 | Z97: =SUM(D97:Y97) -> 0 | AB97: ='LPLPO GUDANG'!H102 -> 0 | BM97: =SUM(AH97:BL97) -> 0 | CT97: =SUM(BO97:CS97) -> 0 | EA97: =SUM(CV97:DZ97) -> 0 | FH97: =SUM(EC97:FG97) -> 0 | GO97: =SUM(FJ97:GN97) -> 0 | HV97: =SUM(GQ97:HU97) -> 0 | JC97: =SUM(HX97:JB97) -> 0 | KJ97: =SUM(JE97:KI97) -> 0
A98: =A97+1 -> 89 | B98: Oksitetrasiklin Salep mata 1 % | C98: Tube | R98: =BM98 -> 0 | S98: =CT98 -> 0 | T98: =EA98 -> 0 | U98: =FH98 -> 0 | V98: =GO98 -> 0 | W98: =HV98 -> 0 | X98: =JC98 -> 0 | Y98: =KJ98 -> 0 | Z98: =SUM(D98:Y98) -> 0 | AB98: ='LPLPO GUDANG'!H103 -> 0 | BM98: =SUM(AH98:BL98) -> 0 | CT98: =SUM(BO98:CS98) -> 0 | EA98: =SUM(CV98:DZ98) -> 0 | FH98: =SUM(EC98:FG98) -> 0 | GO98: =SUM(FJ98:GN98) -> 0 | HV98: =SUM(GQ98:HU98) -> 0 | JC98: =SUM(HX98:JB98) -> 0 | KJ98: =SUM(JE98:KI98) -> 0
A99: =A98+1 -> 90 | B99: Oksitosin inj 10 UI/ml | C99: Ampul | R99: =BM99 -> 0 | S99: =CT99 -> 0 | T99: =EA99 -> 0 | U99: =FH99 -> 0 | V99: =GO99 -> 0 | W99: =HV99 -> 0 | X99: =JC99 -> 0 | Y99: =KJ99 -> 0 | Z99: =SUM(D99:Y99) -> 0 | AB99: ='LPLPO GUDANG'!H104 -> 0 | BM99: =SUM(AH99:BL99) -> 0 | CT99: =SUM(BO99:CS99) -> 0 | EA99: =SUM(CV99:DZ99) -> 0 | FH99: =SUM(EC99:FG99) -> 0 | GO99: =SUM(FJ99:GN99) -> 0 | HV99: =SUM(GQ99:HU99) -> 0 | JC99: =SUM(HX99:JB99) -> 0 | KJ99: =SUM(JE99:KI99) -> 0
A100: =A99+1 -> 91 | B100: Omeprazol inj 40 mg/10 ml | C100: Vial | R100: =BM100 -> 250 | S100: =CT100 -> 0 | T100: =EA100 -> 0 | U100: =FH100 -> 0 | V100: =GO100 -> 0 | W100: =HV100 -> 0 | X100: =JC100 -> 0 | Y100: =KJ100 -> 0 | Z100: =SUM(D100:Y100) -> 250 | AB100: ='LPLPO GUDANG'!H105 -> 0 | AT100: 100 | BE100: 150 | BM100: =SUM(AH100:BL100) -> 250 | CT100: =SUM(BO100:CS100) -> 0 | EA100: =SUM(CV100:DZ100) -> 0 | FH100: =SUM(EC100:FG100) -> 0 | GO100: =SUM(FJ100:GN100) -> 0 | HV100: =SUM(GQ100:HU100) -> 0 | JC100: =SUM(HX100:JB100) -> 0 | KJ100: =SUM(JE100:KI100) -> 0
A101: =A100+1 -> 92 | B101: Omeprazol kaps 20 mg | C101: Ktk 3 x 10 tablet | R101: =BM101 -> 1000 | S101: =CT101 -> 0 | T101: =EA101 -> 0 | U101: =FH101 -> 0 | V101: =GO101 -> 0 | W101: =HV101 -> 0 | X101: =JC101 -> 0 | Y101: =KJ101 -> 0 | Z101: =SUM(D101:Y101) -> 1000 | AB101: ='LPLPO GUDANG'!H106 -> 1100 | AZ101: 1000 | BM101: =SUM(AH101:BL101) -> 1000 | CT101: =SUM(BO101:CS101) -> 0 | EA101: =SUM(CV101:DZ101) -> 0 | FH101: =SUM(EC101:FG101) -> 0 | GO101: =SUM(FJ101:GN101) -> 0 | HV101: =SUM(GQ101:HU101) -> 0 | JC101: =SUM(HX101:JB101) -> 0 | KJ101: =SUM(JE101:KI101) -> 0
...

Sheet STOK OPNAME GUDANG
A1: LAMPIRAN BERITA ACARA STOK OPNAME OBAT PKD
A2: UPT PUSKESMAS SUKAMAJU
A4: BULAN JANUARI TAHUN 2026
A5: NO | B5: Nama Obat | C5: SATUAN | D5: SISA STOK 31 JANUARI 2026
A7: 1 | B7: 2 | C7: 3 | D7: 4
A8: 1 | B8: Air untuk injeksi amp 25 ml | C8: Ampul | D8: ='LPLPO GUDANG'!H15 -> 0
A9: =A8+1 -> 2 | B9: Alopurinol tab 300 mg | C9: Ktk @ 100 tablet | D9: ='LPLPO GUDANG'!H16 -> 500
A10: =A9+1 -> 3 | B10: Ambroxol Sirup | C10: Botol | D10: ='LPLPO GUDANG'!H17 -> 15
A11: =A10+1 -> 4 | B11: Amlodipin tab 5 mg | C11: Ktk 50 Tablet | D11: ='LPLPO GUDANG'!H18 -> 1800
A12: =A11+1 -> 5 | B12: Amlodipin Tablet 10 mg | C12: Tablet | D12: ='LPLPO GUDANG'!H19 -> 1800
A13: =A12+1 -> 6 | B13: Amoksisilin sirup kering 125 mg/5 ml | C13: Botol | D13: ='LPLPO GUDANG'!H20 -> 135
A14: =A13+1 -> 7 | B14: Amoksisilin tab 500 mg | C14: Ktk @100 kaplet | D14: ='LPLPO GUDANG'!H21 -> 3100
A15: =A14+1 -> 8 | B15: Anestetik lokal gigi kombinasi : lidokain hcl 2% + epinefrin 1 : 80.000 inj 2 ml | C15: Ampul | D15: ='LPLPO GUDANG'!H22 -> 0
A16: =A15+1 -> 9 | B16: Antasida, kombinasi : aluminium hidroksida 200 mg + magnesium hidroksida 200 mg | C16: Btl 60 ml | D16: ='LPLPO GUDANG'!H23 -> 80
A17: =A16+1 -> 10 | B17: Antasida, kombinasi : aluminium hidroksida 200 mg + magnesium hidroksida 200 mg | C17: Ktk @ 100 tablet | D17: ='LPLPO GUDANG'!H24 -> 1900
A18: =A17+1 -> 11 | B18: Anti Tetanus Serum ( ATS ) 1500 IU | C18: Ampul | D18: ='LPLPO GUDANG'!H25 -> 0
A19: =A18+1 -> 12 | B19: Antihemoroid, kombinasi: bismut subgalat 150 mg + heksaklorofen 2,5 mg + lidokain lidokain 10 mg+ seng oksida 120 mg + sup ad 2 g | C19: Suppositoria | D19: ='LPLPO GUDANG'!H26 -> 20
A20: =A19+1 -> 13 | B20: Asam asetilsalisilat tab 80 mg (Miniaspi) | C20: Ktk @ 100 tablet | D20: ='LPLPO GUDANG'!H27 -> 0
... A123: =A122+1 -> 116 | B123: Siprofloksasin tab scored 500 mg | C123: Ktk @ 100 tablet | D123: ='LPLPO GUDANG'!H130 -> 900
A124: =A123+1 -> 117 | B124: Susu SGM Gain Optigrow | D124: ='LPLPO GUDANG'!H131 -> 0
A125: =A124+1 -> 118 | B125: Tiamin (vitamin B1) tab 50 mg | C125: Ktk @ 100 tablet | D125: ='LPLPO GUDANG'!H132 -> 2700
A126: =A125+1 -> 119 | B126: Triheksifenidil Tablet 2 mg | C126: Ktk 10 x 10 Tab | D126: ='LPLPO GUDANG'!H133 -> 0
A127: =A126+1 -> 120 | B127: Vitamin B kompleks tablet | C127: Ktk @ 100 tablet | D127: ='LPLPO GUDANG'!H134 -> 0
A128: =A127+1 -> 121 | B128: Zinc tab disp 20 mg | C128: Ktk @ 100 tablet | D128: ='LPLPO GUDANG'!H135 -> 0
A129: =A128+1 -> 122 | B129: Zinc sirup | C129: Botol | D129: ='LPLPO GUDANG'!H136 -> 80
A130: =A129+1 -> 123 | B130: Alat suntik sekali pakai 1 ml | C130: Pcs | D130: ='LPLPO GUDANG'!H137 -> 80
A131: =A130+1 -> 124 | B131: Alat suntik sekali pakai 1 ml | C131: Pcs | D131: ='LPLPO GUDANG'!H138 -> 0
A132: =A131+1 -> 125 | B132: Alat suntik sekali pakai 10 ml | C132: Pcs | D132: ='LPLPO GUDANG'!H139 -> 0
A133: =A132+1 -> 126 | B133: Alat suntik sekali pakai 3 ml | C133: Pcs | D133: ='LPLPO GUDANG'!H140 -> 265
A134: =A133+1 -> 127 | B134: Alat suntik sekali pakai 3 ml | C134: Pcs | D134: ='LPLPO GUDANG'!H141 -> 0
A135: =A134+1 -> 128 | B135: Alat suntik sekali pakai 5 ml | C135: Pcs | D135: ='LPLPO GUDANG'!H142 -> 0
A136: =A135+1 -> 129 | B136: Alkohol SWAB | C136: Pcs | D136: ='LPLPO GUDANG'!H143 -> 2000
... A138: =A137+1 -> 131 | B138: Asering larutan infus | C138: Botol | D138: ='LPLPO GUDANG'!H145 -> 0
A139: =A138+1 -> 132 | B139: Cartridge | D139: ='LPLPO GUDANG'!H146 -> 0
A140: =A139+1 -> 133 | B140: Catgut / Benang Bedah No.2/0-3/0 | C140: Pcs | D140: ='LPLPO GUDANG'!H147 -> 0
A141: =A140+1 -> 134 | B141: Etakridin larutan 0,1% | C141: Botol | D141: ='LPLPO GUDANG'!H148 -> 4
A142: =A141+1 -> 135 | B142: Etanol ( Alkohol ) 70% | C142: Botol | D142: ='LPLPO GUDANG'!H149 -> 0
A143: =A142+1 -> 136 | B143: Folley Catheter No. 16 | C143: Pcs | D143: ='LPLPO GUDANG'!H150 -> 15
A144: =A143+1 -> 137 | B144: Folley Catheter No. 18 | C144: Pcs | D144: ='LPLPO GUDANG'!H151 -> 10
A145: =A144+1 -> 138 | B145: Infus Set Dewasa | C145: Pcs | D145: ='LPLPO GUDANG'!H152 -> 50
A146: =A145+1 -> 139 | B146: Infusion set anak | C146: Pcs | D146: ='LPLPO GUDANG'!H153 -> 40
A147: =A146+1 -> 140 | B147: IV Catheter No. 18 | C147: Pcs | D147: ='LPLPO GUDANG'!H154 -> 0
A148: =A147+1 -> 141 | B148: IV Catheter No. 20 | C148: Pcs | D148: ='LPLPO GUDANG'!H155 -> 150
A149: =A148+1 -> 142 | B149: IV Catheter No. 22 | C149: Pcs | D149: ='LPLPO GUDANG'!H156 -> 0
A150: =A149+1 -> 143 | B150: IV Catheter No. 22 | C150: Pcs | D150: ='LPLPO GUDANG'!H157 -> 0
A151: =A150+1 -> 144 | B151: IV Catheter No. 24 | C151: Pcs | D151: ='LPLPO GUDANG'!H158 -> 0
... A174: =A173+1 -> 167 | B174: Urine Bag | C174: pcs | D174: ='LPLPO GUDANG'!H181 -> 5

Sheet STOK OPNAME PROGRAM
A1: LAMPIRAN BERITA ACARA STOK OPNAME OBAT PROGRAM
A2: UPT PUSKESMAS SUKAMAJU
A4: ='STOK OPNAME GUDANG'!A4 -> BULAN JANUARI TAHUN 2026
A5: NO | B5: Nama Obat | C5: SATUAN | D5: ='STOK OPNAME GUDANG'!D5:D6 -> SISA STOK 31 JANUARI 2026
A7: 1 | B7: 2 | C7: 3 | D7: 4
A8: 1 | B8: GIZI
A9: 2 | B9: Mineral Mix | C9: Sacshet | D9: ='LPLPO PROGRAM'!H15 -> 0
A10: 3 | B10: Supralysin | C10: Botol | D10: ='LPLPO PROGRAM'!H16 -> 0
A11: 4 | B11: Tabelt Tambah Darah | C11: Tablet | D11: ='LPLPO PROGRAM'!H17 -> 20000
A12: 5 | B12: Taburia | C12: Sacshet | D12: ='LPLPO PROGRAM'!H18 -> 0
A13: 6 | B13: Vitamin A Biru 10000 iu | C13: Kapsul | D13: ='LPLPO PROGRAM'!H19 -> 0
A14: 7 | B14: Vitamin A Merah 20000 iu | C14: Kapsul | D14: ='LPLPO PROGRAM'!H20 -> 50
A15: 8 | D15: ='LPLPO PROGRAM'!H21 -> 0
A16: 9 | D16: ='LPLPO PROGRAM'!H22 -> 0
A17: 10 | D17: ='LPLPO PROGRAM'!H23 -> 0
A18: 11 | B18: OBAT KESEHATAN IBU ANAK
A19: 12 | B19: Phenobarbital Injeksi | C19: Ampul | D19: ='LPLPO PROGRAM'!H25 -> 0
A20: 13 | B20: Ampicilin injeksi | C20: vial | D20: ='LPLPO PROGRAM'!H26 -> 0
A21: 14 | B21: Calsii Gluconas | C21: Ampul | D21: ='LPLPO PROGRAM'!H27 -> 0
A22: 15 | B22: Dextrosa 5% | C22: Botol | D22: ='LPLPO PROGRAM'!H28 -> 0
A23: 16 | B23: Diazepam Injeksi | C23: Ampul | D23: ='LPLPO PROGRAM'!H29 -> 0
A24: 17 | B24: Fitomenadion injeksi 2 mg/ ml | C24: Ampul | D24: ='LPLPO PROGRAM'!H30 -> 0
A25: 18 | B25: Methyl Ergometrine inje 2 mg | C25: Ampul | D25: ='LPLPO PROGRAM'!H31 -> 0
A26: 19 | B26: Mgso4 20 % | C26: Ampul | D26: ='LPLPO PROGRAM'!H32 -> 0
A27: 20 | B27: Mgso4 40 % | C27: Ampul | D27: ='LPLPO PROGRAM'!H33 -> 0
A28: 21 | B28: Oksitosin Injeksi | C28: Ampul | D28: ='LPLPO PROGRAM'!H34 -> 10
A29: 22 | B29: Oxytetra Salep mata 1 % | C29: Tube | D29: ='LPLPO PROGRAM'!H35 -> 0
A30: 23 | B30: Proten Gold Vanila | D30: ='LPLPO PROGRAM'!H36 -> 0
A31: 24 | B31: Levothyrokxine | C31: Tablet | D31: ='LPLPO PROGRAM'!H37 -> 0
A32: 25 | B32: Multivitamin MMS | C32: Botol | D32: ='LPLPO PROGRAM'!H38 -> 362
A33: 26 | B33: Kloramfenikol Salep Mata | C33: Tube | D33: ='LPLPO PROGRAM'!H39 -> 0
A34: 27 | D34: ='LPLPO PROGRAM'!H40 -> 0
A35: 28 | B35: OBAT PROGRAM MALARIA
A36: 29 | B36: ACT ( Obat Antimalaria )/DHP | C36: Tablet | D36: ='LPLPO PROGRAM'!H42 -> 0
A37: 30 | B37: Artesunat Injeksi 60mg/ml | C37: vial | D37: ='LPLPO PROGRAM'!H43 -> 0
A38: 31 | B38: Giemsa | C38: Botol | D38: ='LPLPO PROGRAM'!H44 -> 0
A39: 32 | B39: Primaquin | C39: Tablet | D39: ='LPLPO PROGRAM'!H45 -> 0
A40: 33 | B40: RDT Chikungunya | C40: Pcs | D40: ='LPLPO PROGRAM'!H46 -> 0
A41: 34 | B41: RDT DBD | C41: Pcs | D41: ='LPLPO PROGRAM'!H47 -> 0
A42: 35 | B42: RDT Frambusia | C42: Pcs | D42: ='LPLPO PROGRAM'!H48 -> 0
A43: 36 | B43: RDT Malaria | C43: Tes | D43: ='LPLPO PROGRAM'!H49 -> 0
A44: 37 | B44: Reagen Kit Malaria | C44: Kit | D44: ='LPLPO PROGRAM'!H50 -> 0
A45: 38 | B45: Insektisida Cynof | C45: Botol | D45: ='LPLPO PROGRAM'!H51 -> 0
A46: 39 | D46: ='LPLPO PROGRAM'!H52 -> 0
A47: 40 | D47: ='LPLPO PROGRAM'!H53 -> 0
A48: 41 | B48: OBAT PROGRAM KECACINGAN
A49: 42 | B49: Albendazole | C49: Tablet | D49: ='LPLPO PROGRAM'!H55 -> 0
A50: 43 | B50: Albendazole Syrup suspensi 200 mg/ml | C50: Botol | D50: ='LPLPO PROGRAM'!H56 -> 0
A51: 44 | B51: Albendazole (Bantuan WHO) | C51: Botol | D51: ='LPLPO PROGRAM'!H57 -> 0
A52: 45 | D52: ='LPLPO PROGRAM'!H58 -> 0
A53: 46 | D53: ='LPLPO PROGRAM'!H59 -> 0
A54: 47 | D54: ='LPLPO PROGRAM'!H60 -> 0
A55: 48 | B55: OBAT PROGRAM KESWA
A56: 49 | B56: Amitriptilin 25 | C56: Tablet | D56: ='LPLPO PROGRAM'!H62 -> 200
A57: 50 | B57: Clobazam 10 mg | C57: Tablet | D57: ='LPLPO PROGRAM'!H63 -> 0
A58: 51 | B58: Clozapine | C58: Tablet | D58: ='LPLPO PROGRAM'!H64 -> 0
A59: 52 | B59: Haloperidol 5 mg | C59: Tablet | D59: ='LPLPO PROGRAM'!H65 -> 0
A60: 53 | B60: Klorpromazin Hcl 100 mg | C60: tablet | D60: ='LPLPO PROGRAM'!H66 -> 0
A61: 54 | B61: Rispiridon 2 mg | C61: Tablet | D61: ='LPLPO PROGRAM'!H67 -> 0
A62: 55 | B62: Trihexifenidil 2 mg | C62: Tablet | D62: ='LPLPO PROGRAM'!H68 -> 0
A63: 56 | D63: ='LPLPO PROGRAM'!H69 -> 0
A64: 57 | D64: ='LPLPO PROGRAM'!H70 -> 0
A65: 58 | D65: ='LPLPO PROGRAM'!H71 -> 0
A66: 59 | B66: OBAT PROGRAM TB
A67: 60 | B67: Box Kaca Slide | C67: Box | D67: ='LPLPO PROGRAM'!H73 -> 0
A68: 61 | B68: Cartridge Genexpert | C68: test | D68: ='LPLPO PROGRAM'!H74 -> 0
A69: 62 | B69: Etambutol 400 mg | C69: Tablet | D69: ='LPLPO PROGRAM'!H75 -> 0
A70: 63 | B70: Isoniazid 100 mg | C70: Tablet | D70: ='LPLPO PROGRAM'!H76 -> 0
A71: 64 | B71: Isoniazid 300 mg | C71: Tablet | D71: ='LPLPO PROGRAM'!H77 -> 0
A72: 65 | B72: Kaca Slide | C72: Box | D72: ='LPLPO PROGRAM'!H78 -> 0
A73: 66 | B73: Masker Bedah | C73: Box | D73: ='LPLPO PROGRAM'!H79 -> 0
A74: 67 | B74: Masker Hijab | C74: Box | D74: ='LPLPO PROGRAM'!H80 -> 0
A75: 68 | B75: Masker N95 | C75: Box | D75: ='LPLPO PROGRAM'!H81 -> 0
A76: 69 | B76: OAT Kategori Anak | C76: Paket | D76: ='LPLPO PROGRAM'!H82 -> 0
A77: 70 | B77: OAT KDT Harian | C77: Paket | D77: ='LPLPO PROGRAM'!H83 -> 0
A78: 71 | B78: Pirazinamid 500 mg | C78: Tablet | D78: ='LPLPO PROGRAM'!H84 -> 0
... A87: 80 | B87: Cartridge Genexpert XDR | C87: Test | D87: ='LPLPO PROGRAM'!H93 -> 0
A88: 81 | D88: ='LPLPO PROGRAM'!H94 -> 0
A89: 82 | D89: ='LPLPO PROGRAM'!H95 -> 0
A90: 83 | D90: ='LPLPO PROGRAM'!H96 -> 0
A91: 84 | B91: OBAT PROGRAM DIARE
A92: 85 | B92: Garam oralit | C92: Sacshet | D92: ='LPLPO PROGRAM'!H98 -> 175
A93: 86 | B93: Metronidazole Infus | C93: Botol | D93: ='LPLPO PROGRAM'!H99 -> 0
A94: 87 | B94: Zinc tablet | C94: tablet | D94: ='LPLPO PROGRAM'!H100 -> 600
A95: 88 | D95: ='LPLPO PROGRAM'!H101 -> 0
A96: 89 | D96: ='LPLPO PROGRAM'!H102 -> 0
A97: 90 | D97: ='LPLPO PROGRAM'!H103 -> 0
A98: 91 | B98: OBAT PROGRAM KUSTA
A99: 92 | B99: MDT MB Adult | C99: Blister | D99: ='LPLPO PROGRAM'!H105 -> 0
A100: 93 | B100: MDT MB Anak | C100: Blister | D100: ='LPLPO PROGRAM'!H106 -> 0
A101: 94 | D101: ='LPLPO PROGRAM'!H107 -> 0
A102: 95 | D102: ='LPLPO PROGRAM'!H108 -> 0
A103: 96 | D103: ='LPLPO PROGRAM'!H109 -> 0
A104: 97 | B104: BMHP PROGRAM IMUNISASI
A105: 98 | B105: ADS / Solosot ( spoit 0,05 ml ) | C105: pcs | D105: ='LPLPO PROGRAM'!H111 -> 0
A106: 99 | B106: ADS / Solosot ( spoit 0,5 ml ) | C106: pcs | D106: ='LPLPO PROGRAM'!H112 -> 0
A107: 100 | B107: ADS / Solosot ( spoit 5 ml ) | C107: pcs | D107: ='LPLPO PROGRAM'!H113 -> 0
A108: 101 | B108: Safety box 5 liter | C108: pcs | D108: ='LPLPO PROGRAM'!H114 -> 0
A109: 102 | D109: ='LPLPO PROGRAM'!H115 -> 0
A110: 103 | D110: ='LPLPO PROGRAM'!H116 -> 0
...

Sheet LPLPO GUDANG
A1: LAPORAN PEMAKAIAN DAN LEMBAR PERMINTAAN OBAT
A2: (LPLPO)
A4: KODE PUSKESMAS | C4: : LPLPO GUDANG
A5: PUSKESMAS | C5: : SUKAMAJU
A6: KECAMATAN | C6: : SUKAMAJU
A7: KABUPATEN | C7: : LUWU UTARA
A8: PROPINSI | C8: : SULAWESI SELATAN
K9: BULAN | M9: : FEBRUARI
K10: TAHUN | M10: : 2026
A12: NO | B12: NAMA OBAT | C12: SATUAN | D12: STOK AWAL | E12: PENERIMAAN | F12: PERSEDIAAN | G12: PEMAKAIAN | H12: SISA STOK | I12: PERMINTAAN | J12: PEMBERIAN | O12: KET
J13: PKD | K13: JKN | L13: PROG | M13: LAIN-LAIN | N13: JML
A14: 1 | B14: 2 | C14: 3 | D14: 5 | E14: 6 | F14: 7 | G14: 8 | H14: 9 | I14: 10 | J14: 11 | K14: 12 | L14: 13 | M14: 14 | N14: 15 | O14: 16
A15: 1 | B15: Air untuk injeksi amp 25 ml | C15: Ampul | D15: 30 | E15: ='PENERIMAAN OBAT PKD'!H9 -> 30 | F15: =SUM(D15:E15) -> 60 | G15: =DISTRIBUSI!Z10 -> 60 | H15: =F15-G15 -> 0 | I15: 200 | J15: ='STOK OPNAME GUDANG'!D8 -> 0 | L15: =E15-K15 -> 30 | M15: =DISTRIBUSI!Z10 -> 60 | N15: =G15-M15 -> 0
A16: =A15+1 -> 2 | B16: Alopurinol tab 300 mg | C16: Ktk @ 100 tablet | D16: 500 | E16: ='PENERIMAAN OBAT PKD'!H10 -> 500 | F16: =SUM(D16:E16) -> 1000 | G16: =DISTRIBUSI!Z11 -> 500 | H16: =F16-G16 -> 500 | I16: 1000 | J16: ='STOK OPNAME GUDANG'!D9 -> 500 | L16: =E16-K16 -> 500 | M16: =DISTRIBUSI!Z11 -> 500 | N16: =G16-M16 -> 0
A17: =A16+1 -> 3 | B17: Ambroxol Sirup | C17: Botol | D17: 45 | E17: ='PENERIMAAN OBAT PKD'!H11 -> 0 | F17: =SUM(D17:E17) -> 45 | G17: =DISTRIBUSI!Z12 -> 30 | H17: =F17-G17 -> 15 | I17: 50 | J17: ='STOK OPNAME GUDANG'!D10 -> 15 | L17: =E17-K17 -> 0 | M17: =DISTRIBUSI!Z12 -> 30 | N17: =G17-M17 -> 0
A18: =A17+1 -> 4 | B18: Amlodipin tab 5 mg | C18: Ktk 50 Tablet | D18: 2000 | E18: ='PENERIMAAN OBAT PKD'!H12 -> 2000 | F18: =SUM(D18:E18) -> 4000 | G18: =DISTRIBUSI!Z13 -> 2200 | H18: =F18-G18 -> 1800 | I18: 3000 | J18: ='STOK OPNAME GUDANG'!D11 -> 1800 | L18: =E18-K18 -> 2000 | M18: =DISTRIBUSI!Z13 -> 2200 | N18: =G18-M18 -> 0
A19: =A18+1 -> 5 | B19: Amlodipin Tablet 10 mg | C19: Tablet | D19: 2000 | E19: ='PENERIMAAN OBAT PKD'!H13 -> 3000 | F19: =SUM(D19:E19) -> 5000 | G19: =DISTRIBUSI!Z14 -> 3200 | H19: =F19-G19 -> 1800 | I19: 3000 | J19: ='STOK OPNAME GUDANG'!D12 -> 1800 | L19: =E19-K19 -> 3000 | M19: =DISTRIBUSI!Z14 -> 3200 | N19: =G19-M19 -> 0
A20: =A19+1 -> 6 | B20: Amoksisilin sirup kering 125 mg/5 ml | C20: Botol | D20: 135 | E20: ='PENERIMAAN OBAT PKD'!H14 -> 0 | F20: =SUM(D20:E20) -> 135 | G20: =DISTRIBUSI!Z15 -> 0 | H20: =F20-G20 -> 135 | J20: ='STOK OPNAME GUDANG'!D13 -> 135 | L20: =E20-K20 -> 0 | M20: =DISTRIBUSI!Z15 -> 0 | N20: =G20-M20 -> 0
A21: =A20+1 -> 7 | B21: Amoksisilin tab 500 mg | C21: Ktk @100 kaplet | D21: 2000 | E21: ='PENERIMAAN OBAT PKD'!H15 -> 1500 | F21: =SUM(D21:E21) -> 3500 | G21: =DISTRIBUSI!Z16 -> 400 | H21: =F21-G21 -> 3100 | J21: ='STOK OPNAME GUDANG'!D14 -> 3100 | L21: =E21-K21 -> 1500 | M21: =DISTRIBUSI!Z16 -> 400 | N21: =G21-M21 -> 0
A22: =A21+1 -> 8 | B22: Anestetik lokal gigi kombinasi : lidokain hcl 2% + epinefrin 1 : 80.000 inj 2 ml | C22: Ampul | D22: 0 | E22: ='PENERIMAAN OBAT PKD'!H16 -> 100 | F22: =SUM(D22:E22) -> 100 | G22: =DISTRIBUSI!Z17 -> 100 | H22: =F22-G22 -> 0 | I22: 200 | J22: ='STOK OPNAME GUDANG'!D15 -> 0 | L22: =E22-K22 -> 100 | M22: =DISTRIBUSI!Z17 -> 100 | N22: =G22-M22 -> 0
A23: =A22+1 -> 9 | B23: Antasida, kombinasi : aluminium hidroksida 200 mg + magnesium hidroksida 200 mg | C23: Btl 60 ml | D23: 90 | E23: ='PENERIMAAN OBAT PKD'!H17 -> 50 | F23: =SUM(D23:E23) -> 140 | G23: =DISTRIBUSI!Z18 -> 60 | H23: =F23-G23 -> 80 | I23: 100 | J23: ='STOK OPNAME GUDANG'!D16 -> 80 | L23: =E23-K23 -> 50 | M23: =DISTRIBUSI!Z18 -> 60 | N23: =G23-M23 -> 0
A24: =A23+1 -> 10 | B24: Antasida, kombinasi : aluminium hidroksida 200 mg + magnesium hidroksida 200 mg | C24: Ktk @ 100 tablet | D24: 1400 | E24: ='PENERIMAAN OBAT PKD'!H18 -> 1000 | F24: =SUM(D24:E24) -> 2400 | G24: =DISTRIBUSI!Z19 -> 500 | H24: =F24-G24 -> 1900 | I24: 1000 | J24: ='STOK OPNAME GUDANG'!D17 -> 1900 | L24: =E24-K24 -> 1000 | M24: =DISTRIBUSI!Z19 -> 500 | N24: =G24-M24 -> 0
A25: =A24+1 -> 11 | B25: Anti Tetanus Serum ( ATS ) 1500 IU | C25: Ampul | E25: ='PENERIMAAN OBAT PKD'!H19 -> 0 | F25: =SUM(D25:E25) -> 0 | G25: =DISTRIBUSI!Z20 -> 0 | H25: =F25-G25 -> 0 | J25: ='STOK OPNAME GUDANG'!D18 -> 0 | L25: =E25-K25 -> 0 | M25: =DISTRIBUSI!Z20 -> 0 | N25: =G25-M25 -> 0
A26: =A25+1 -> 12 | B26: Antihemoroid, kombinasi: bismut subgalat 150 mg + heksaklorofen 2,5 mg + lidokain lidokain 10 mg+ seng oksida 120 mg + sup ad 2 g | C26: Suppositoria | D26: 20 | E26: ='PENERIMAAN OBAT PKD'!H20 -> 0 | F26: =SUM(D26:E26) -> 20 | G26: =DISTRIBUSI!Z21 -> 0 | H26: =F26-G26 -> 20 | I26: 20 | J26: ='STOK OPNAME GUDANG'!D19 -> 20 | L26: =E26-K26 -> 0 | M26: =DISTRIBUSI!Z21 -> 0 | N26: =G26-M26 -> 0
A27: =A26+1 -> 13 | B27: Asam asetilsalisilat tab 80 mg (Miniaspi) | C27: Ktk @ 100 tablet | E27: ='PENERIMAAN OBAT PKD'!H21 -> 0 | F27: =SUM(D27:E27) -> 0 | G27: =DISTRIBUSI!Z22 -> 0 | H27: =F27-G27 -> 0 | J27: ='STOK OPNAME GUDANG'!D20 -> 0 | L27: =E27-K27 -> 0 | M27: =DISTRIBUSI!Z22 -> 0 | N27: =G27-M27 -> 0
A28: =A27+1 -> 14 | B28: Asam askorbat (vitamin C) tab 250 mg | C28: Ktk @ 100 tablet | E28: ='PENERIMAAN OBAT PKD'!H22 -> 0 | F28: =SUM(D28:E28) -> 0 | G28: =DISTRIBUSI!Z23 -> 0 | H28: =F28-G28 -> 0 | J28: ='STOK OPNAME GUDANG'!D21 -> 0 | L28: =E28-K28 -> 0 | M28: =DISTRIBUSI!Z23 -> 0 | N28: =G28-M28 -> 0
A29: =A28+1 -> 15 | B29: Asam askorbat (vitamin C) tab 50 mg | C29: Ktk @ 100 tablet | E29: ='PENERIMAAN OBAT PKD'!H23 -> 0 | F29: =SUM(D29:E29) -> 0 | G29: =DISTRIBUSI!Z24 -> 0 | H29: =F29-G29 -> 0 | J29: ='STOK OPNAME GUDANG'!D22 -> 0 | L29: =E29-K29 -> 0 | M29: =DISTRIBUSI!Z24 -> 0 | N29: =G29-M29 -> 0
A30: =A29+1 -> 16 | B30: Asam mefenamat kaps 500 mg | C30: Ktk @ 100 tablet | D30: 1000 | E30: ='PENERIMAAN OBAT PKD'!H24 -> 1500 | F30: =SUM(D30:E30) -> 2500 | G30: =DISTRIBUSI!Z25 -> 1500 | H30: =F30-G30 -> 1000 | I30: 2000 | J30: ='STOK OPNAME GUDANG'!D23 -> 1000 | L30: =E30-K30 -> 1500 | M30: =DISTRIBUSI!Z25 -> 1500 | N30: =G30-M30 -> 0
A31: =A30+1 -> 17 | B31: Asam traneksamat inj 50 mg/ml | C31: Ampul | E31: ='PENERIMAAN OBAT PKD'!H25 -> 0 | F31: =SUM(D31:E31) -> 0 | G31: =DISTRIBUSI!Z26 -> 0 | H31: =F31-G31 -> 0 | J31: ='STOK OPNAME GUDANG'!D24 -> 0 | L31: =E31-K31 -> 0 | M31: =DISTRIBUSI!Z26 -> 0 | N31: =G31-M31 -> 0
A32: =A31+1 -> 18 | B32: Asiklovir Krim | C32: tube | D32: 0 | E32: ='PENERIMAAN OBAT PKD'!H26 -> 25 | F32: =SUM(D32:E32) -> 25 | G32: =DISTRIBUSI!Z27 -> 0 | H32: =F32-G32 -> 25 | J32: ='STOK OPNAME GUDANG'!D25 -> 25 | L32: =E32-K32 -> 25 | M32: =DISTRIBUSI!Z27 -> 0 | N32: =G32-M32 -> 0
A33: =A32+1 -> 19 | B33: Asiklovir tab 400 mg | C33: Ktk 5 x 10 Tablet | D33: 1000 | E33: ='PENERIMAAN OBAT PKD'!H27 -> 0 | F33: =SUM(D33:E33) -> 1000 | G33: =DISTRIBUSI!Z28 -> 0 | H33: =F33-G33 -> 1000 | J33: ='STOK OPNAME GUDANG'!D26 -> 1000 | L33: =E33-K33 -> 0 | M33: =DISTRIBUSI!Z28 -> 0 | N33: =G33-M33 -> 0
A34: =A33+1 -> 20 | B34: Atapulgit ( New Antides ) tab 600 mg | C34: Ktk 150 Tablet | D34: 800 | E34: ='PENERIMAAN OBAT PKD'!H28 -> 0 | F34: =SUM(D34:E34) -> 800 | G34: =DISTRIBUSI!Z29 -> 0 | H34: =F34-G34 -> 800 | J34: ='STOK OPNAME GUDANG'!D27 -> 800 | L34: =E34-K34 -> 0 | M34: =DISTRIBUSI!Z29 -> 0 | N34: =G34-M34 -> 0
A35: =A34+1 -> 21 | B35: Atorvastatin tab | C35: Tablet | D35: 1000 | E35: ='PENERIMAAN OBAT PKD'!H29 -> 2000 | F35: =SUM(D35:E35) -> 3000 | G35: =DISTRIBUSI!Z30 -> 0 | H35: =F35-G35 -> 3000
A36: =A35+1 -> 22 | B36: Atropin inj 0,25 mg/ml (i.m./i.v./s.k) | C36: Ampul | E36: ='PENERIMAAN OBAT PKD'!H30 -> 0 | F36: =SUM(D36:E36) -> 0 | G36: =DISTRIBUSI!Z31 -> 0 | H36: =F36-G36 -> 0 | J36: ='STOK OPNAME GUDANG'!D28 -> 3000 | L36: =E36-K36 -> 0 | M36: =DISTRIBUSI!Z31 -> 0 | N36: =G36-M36 -> 0
A37: =A36+1 -> 23 | B37: Bedak Salicyl 2 % 60 gr | C37: Pot | E37: ='PENERIMAAN OBAT PKD'!H31 -> 0 | F37: =SUM(D37:E37) -> 0 | G37: =DISTRIBUSI!Z32 -> 0 | H37: =F37-G37 -> 0 | J37: ='STOK OPNAME GUDANG'!D29 -> 0 | L37: =E37-K37 -> 0 | M37: =DISTRIBUSI!Z32 -> 0 | N37: =G37-M37 -> 0
A38: =A37+1 -> 24 | B38: Betahistin Mesilat tab 6 mg | C38: Ktk 10 x 10 tablet | D38: 1000 | E38: ='PENERIMAAN OBAT PKD'!H32 -> 0 | F38: =SUM(D38:E38) -> 1000 | G38: =DISTRIBUSI!Z33 -> 1000 | H38: =F38-G38 -> 0 | I38: 1000 | J38: ='STOK OPNAME GUDANG'!D30 -> 0 | L38: =E38-K38 -> 0 | M38: =DISTRIBUSI!Z33 -> 1000 | N38: =G38-M38 -> 0
A39: =A38+1 -> 25 | B39: Betametason krim 0,1% | C39: tube @ 5 gram | D39: 70 | E39: ='PENERIMAAN OBAT PKD'!H33 -> 0 | F39: =SUM(D39:E39) -> 70 | G39: =DISTRIBUSI!Z34 -> 10 | H39: =F39-G39 -> 60 | J39: ='STOK OPNAME GUDANG'!D31 -> 0 | L39: =E39-K39 -> 0 | M39: =DISTRIBUSI!Z34 -> 10 | N39: =G39-M39 -> 0
A40: =A39+1 -> 26 | B40: Bisakodil sup 10 mg ( Dulcolax ) | C40: Suppositoria | E40: ='PENERIMAAN OBAT PKD'!H34 -> 0 | F40: =SUM(D40:E40) -> 0 | G40: =DISTRIBUSI!Z35 -> 0 | H40: =F40-G40 -> 0 | J40: ='STOK OPNAME GUDANG'!D32 -> 60 | L40: =E40-K40 -> 0 | M40: =DISTRIBUSI!Z35 -> 0 | N40: =G40-M40 -> 0
A41: =A40+1 -> 27 | B41: Bisakodil sup 5 mg ( Dulcolax ) | C41: Suppositoria | E41: ='PENERIMAAN OBAT PKD'!H35 -> 0 | F41: =SUM(D41:E41) -> 0 | G41: =DISTRIBUSI!Z36 -> 0 | H41: =F41-G41 -> 0 | J41: ='STOK OPNAME GUDANG'!D33 -> 0 | L41: =E41-K41 -> 0 | M41: =DISTRIBUSI!Z36 -> 0 | N41: =G41-M41 -> 0
A42: =A41+1 -> 28 | B42: Colcitin 0.5 gr | C42: Ktk 30 tab | E42: ='PENERIMAAN OBAT PKD'!H36 -> 0 | F42: =SUM(D42:E42) -> 0 | G42: =DISTRIBUSI!Z37 -> 0 | H42: =F42-G42 -> 0 | J42: ='STOK OPNAME GUDANG'!D34 -> 0 | L42: =E42-K42 -> 0 | M42: =DISTRIBUSI!Z37 -> 0 | N42: =G42-M42 -> 0
A43: =A42+1 -> 29 | B43: Deksametason tab 0,5 mg | C43: Ktk @ 100 tablet | D43: 1000 | E43: ='PENERIMAAN OBAT PKD'!H37 -> 1500 | F43: =SUM(D43:E43) -> 2500 | G43: =DISTRIBUSI!Z38 -> 2500 | H43: =F43-G43 -> 0 | I43: 3000 | J43: ='STOK OPNAME GUDANG'!D35 -> 0 | L43: =E43-K43 -> 1500 | M43: =DISTRIBUSI!Z38 -> 2500 | N43: =G43-M43 -> 0
A44: =A43+1 -> 30 | B44: Deksametason inj 5 mg/ml (i.v./i.m.) | C44: Ampul | D44: 100 | E44: ='PENERIMAAN OBAT PKD'!H38 -> 0 | F44: =SUM(D44:E44) -> 100 | G44: =DISTRIBUSI!Z39 -> 0 | H44: =F44-G44 -> 100 | J44: ='STOK OPNAME GUDANG'!D36 -> 0 | L44: =E44-K44 -> 0 | M44: =DISTRIBUSI!Z39 -> 0 | N44: =G44-M44 -> 0
A45: =A44+1 -> 31 | B45: Dextrose 40% | C45: Botol | E45: ='PENERIMAAN OBAT PKD'!H39 -> 0 | F45: =SUM(D45:E45) -> 0 | G45: =DISTRIBUSI!Z40 -> 0 | H45: =F45-G45 -> 0 | J45: ='STOK OPNAME GUDANG'!D37 -> 100 | L45: =E45-K45 -> 0 | M45: =DISTRIBUSI!Z40 -> 0 | N45: =G45-M45 -> 0
A46: =A45+1 -> 32 | B46: Diazepam inj 10 mg/ 2 ml ( i v./i.m .) stesolid | C46: Ampul @ 2 ml | D46: 5 | E46: ='PENERIMAAN OBAT PKD'!H40 -> 0 | F46: =SUM(D46:E46) -> 5 | G46: =DISTRIBUSI!Z41 -> 0 | H46: =F46-G46 -> 5 | J46: ='STOK OPNAME GUDANG'!D38 -> 0 | L46: =E46-K46 -> 0 | M46: =DISTRIBUSI!Z41 -> 0 | N46: =G46-M46 -> 0
A47: =A46+1 -> 33 | B47: Diazepam lar rektal 5 mg/2,5 ml ( Stesolid ) | C47: Tube 5 mg/2,5 ml | E47: ='PENERIMAAN OBAT PKD'!H41 -> 0 | F47: =SUM(D47:E47) -> 0 | G47: =DISTRIBUSI!Z42 -> 0 | H47: =F47-G47 -> 0 | J47: ='STOK OPNAME GUDANG'!D39 -> 5 | L47: =E47-K47 -> 0 | M47: =DISTRIBUSI!Z42 -> 0 | N47: =G47-M47 -> 0
A48: =A47+1 -> 34 | B48: Diazepam tab 2 mg | C48: Btl 100 tablet | E48: ='PENERIMAAN OBAT PKD'!H42 -> 0 | F48: =SUM(D48:E48) -> 0 | G48: =DISTRIBUSI!Z43 -> 0 | H48: =F48-G48 -> 0 | J48: ='STOK OPNAME GUDANG'!D40 -> 0 | L48: =E48-K48 -> 0 | M48: =DISTRIBUSI!Z43 -> 0 | N48: =G48-M48 -> 0
A49: =A48+1 -> 35 | B49: Difenhidramin inj 10 mg/ml (i.v./i.m.) | C49: Ampul @ 2 ml | D49: 20 | E49: ='PENERIMAAN OBAT PKD'!H43 -> 0 | F49: =SUM(D49:E49) -> 20 | G49: =DISTRIBUSI!Z44 -> 0 | H49: =F49-G49 -> 20 | J49: ='STOK OPNAME GUDANG'!D41 -> 0 | L49: =E49-K49 -> 0 | M49: =DISTRIBUSI!Z44 -> 0 | N49: =G49-M49 -> 0
A50: =A49+1 -> 36 | B50: Dimenhidrinat tab 50 mg | C50: Ktk @ 100 tablet | D50: 0 | E50: ='PENERIMAAN OBAT PKD'!H44 -> 400 | F50: =SUM(D50:E50) -> 400 | G50: =DISTRIBUSI!Z45 -> 400 | H50: =F50-G50 -> 0 | I50: 1000 | J50: ='STOK OPNAME GUDANG'!D42 -> 20 | L50: =E50-K50 -> 400 | M50: =DISTRIBUSI!Z45 -> 400 | N50: =G50-M50 -> 0
A51: =A50+1 -> 37 | B51: Doksisiklin kaps 100 mg | C51: Ktk @100 kapsul | D51: 200 | E51: ='PENERIMAAN OBAT PKD'!H45 -> 0 | F51: =SUM(D51:E51) -> 200 | G51: =DISTRIBUSI!Z46 -> 0 | H51: =F51-G51 -> 200 | J51: ='STOK OPNAME GUDANG'!D43 -> 0 | L51: =E51-K51 -> 0 | M51: =DISTRIBUSI!Z46 -> 0 | N51: =G51-M51 -> 0
A52: =A51+1 -> 38 | B52: Domperidon susp 5 mg/5 ml | C52: Botol | D52: 45 | E52: ='PENERIMAAN OBAT PKD'!H46 -> 50 | F52: =SUM(D52:E52) -> 95 | G52: =DISTRIBUSI!Z47 -> 10 | H52: =F52-G52 -> 85 | J52: ='STOK OPNAME GUDANG'!D44 -> 200 | L52: =E52-K52 -> 50 | M52: =DISTRIBUSI!Z47 -> 10 | N52: =G52-M52 -> 0
A53: =A52+1 -> 39 | B53: Epinefrin (adrenalin) inj 0,1% (i.v./s.k./i.m.) | C53: Ampul | D53: 15 | E53: ='PENERIMAAN OBAT PKD'!H47 -> 0 | F53: =SUM(D53:E53) -> 15 | G53: =DISTRIBUSI!Z48 -> 0 | H53: =F53-G53 -> 15 | J53: ='STOK OPNAME GUDANG'!D45 -> 85 | L53: =E53-K53 -> 0 | M53: =DISTRIBUSI!Z48 -> 0 | N53: =G53-M53 -> 0
A54: =A53+1 -> 40 | B54: Ethyl Chloride | C54: Botol | E54: ='PENERIMAAN OBAT PKD'!H48 -> 0 | F54: =SUM(D54:E54) -> 0 | G54: =DISTRIBUSI!Z49 -> 0 | H54: =F54-G54 -> 0 | J54: ='STOK OPNAME GUDANG'!D46 -> 15 | L54: =E54-K54 -> 0 | M54: =DISTRIBUSI!Z49 -> 0 | N54: =G54-M54 -> 0
A55: =A54+1 -> 41 | B55: Fenobarbital tablet | C55: Ktk 100 tablet | E55: ='PENERIMAAN OBAT PKD'!H49 -> 0 | F55: =SUM(D55:E55) -> 0 | G55: =DISTRIBUSI!Z50 -> 0 | H55: =F55-G55 -> 0 | J55: ='STOK OPNAME GUDANG'!D47 -> 0 | L55: =E55-K55 -> 0 | M55: =DISTRIBUSI!Z50 -> 0 | N55: =G55-M55 -> 0
A56: =A55+1 -> 42 | B56: Fitomenadion (vitamin K 1) injeksi 2 mg/ ml | C56: Ampul @ 2 ml | E56: ='PENERIMAAN OBAT PKD'!H50 -> 0 | F56: =SUM(D56:E56) -> 0 | G56: =DISTRIBUSI!Z51 -> 0 | H56: =F56-G56 -> 0 | J56: ='STOK OPNAME GUDANG'!D48 -> 0 | L56: =E56-K56 -> 0 | M56: =DISTRIBUSI!Z51 -> 0 | N56: =G56-M56 -> 0
A57: =A56+1 -> 43 | B57: Fitomenadion (vitamin K 1) tab sal 10 mg | C57: Ktk @ 100 tablet | D57: 1000 | E57: ='PENERIMAAN OBAT PKD'!H51 -> 0 | F57: =SUM(D57:E57) -> 1000 | G57: =DISTRIBUSI!Z52 -> 500 | H57: =F57-G57 -> 500 | I57: 1000 | J57: ='STOK OPNAME GUDANG'!D49 -> 0 | L57: =E57-K57 -> 0 | M57: =DISTRIBUSI!Z52 -> 500 | N57: =G57-M57 -> 0
A58: =A57+1 -> 44 | B58: Furosemid Inj 10 mg/ml | C58: Ampul @ 2 ml | E58: ='PENERIMAAN OBAT PKD'!H52 -> 0 | F58: =SUM(D58:E58) -> 0 | G58: =DISTRIBUSI!Z53 -> 0 | H58: =F58-G58 -> 0 | J58: ='STOK OPNAME GUDANG'!D50 -> 500 | L58: =E58-K58 -> 0 | M58: =DISTRIBUSI!Z53 -> 0 | N58: =G58-M58 -> 0
A59: =A58+1 -> 45 | B59: Furosemida 40 mg tablet | C59: Ktk 200 tablet | D59: 200 | E59: ='PENERIMAAN OBAT PKD'!H53 -> 0 | F59: =SUM(D59:E59) -> 200 | G59: =DISTRIBUSI!Z54 -> 200 | H59: =F59-G59 -> 0 | I59: 600 | J59: ='STOK OPNAME GUDANG'!D51 -> 0 | L59: =E59-K59 -> 0 | M59: =DISTRIBUSI!Z54 -> 200 | N59: =G59-M59 -> 0
A60: =A59+1 -> 46 | B60: Garam Oralit | C60: Sacshet | E60: ='PENERIMAAN OBAT PKD'!H54 -> 0 | F60: =SUM(D60:E60) -> 0 | G60: =DISTRIBUSI!Z55 -> 0 | H60: =F60-G60 -> 0 | J60: ='STOK OPNAME GUDANG'!D52 -> 0 | L60: =E60-K60 -> 0 | M60: =DISTRIBUSI!Z55 -> 0 | N60: =G60-M60 -> 0
A61: =A60+1 -> 47 | B61: Gentamicin Salep Kulit ( Gentalex Krim ) | C61: Tube 5 gram | E61: ='PENERIMAAN OBAT PKD'!H55 -> 0 | F61: =SUM(D61:E61) -> 0 | G61: =DISTRIBUSI!Z56 -> 0 | H61: =F61-G61 -> 0 | J61: ='STOK OPNAME GUDANG'!D53 -> 0 | L61: =E61-K61 -> 0 | M61: =DISTRIBUSI!Z56 -> 0 | N61: =G61-M61 -> 0
A62: =A61+1 -> 48 | B62: Glimepirid tab 2 mg | C62: Ktk @ 100 tablet | D62: 1500 | E62: ='PENERIMAAN OBAT PKD'!H56 -> 1000 | F62: =SUM(D62:E62) -> 2500 | G62: =DISTRIBUSI!Z57 -> 2000 | H62: =F62-G62 -> 500 | I62: 2000 | J62: ='STOK OPNAME GUDANG'!D54 -> 0 | L62: =E62-K62 -> 1000 | M62: =DISTRIBUSI!Z57 -> 2000 | N62: =G62-M62 -> 0
A63: =A62+1 -> 49 | B63: Gliseril guaiakolat tablet 100 mg / Guaifenasin tablet | C63: Ktk @ 100 tablet | D63: 2700 | E63: ='PENERIMAAN OBAT PKD'!H57 -> 0 | F63: =SUM(D63:E63) -> 2700 | G63: =DISTRIBUSI!Z58 -> 2700 | H63: =F63-G63 -> 0 | I63: 3000 | J63: ='STOK OPNAME GUDANG'!D55 -> 500 | L63: =E63-K63 -> 0 | M63: =DISTRIBUSI!Z58 -> 2700 | N63: =G63-M63 -> 0
A64: =A63+1 -> 50 | B64: Glukosa Larutan Infus 5 % steril | C64: Botol 500 ml | D64: 80 | E64: ='PENERIMAAN OBAT PKD'!H58 -> 0 | F64: =SUM(D64:E64) -> 80 | G64: =DISTRIBUSI!Z59 -> 40 | H64: =F64-G64 -> 40 | J64: ='STOK OPNAME GUDANG'!D56 -> 0 | L64: =E64-K64 -> 0 | M64: =DISTRIBUSI!Z59 -> 40 | N64: =G64-M64 -> 0
A65: =A64+1 -> 51 | B65: Haloperidol tab 1,5 mg | C65: Ktk @ 100 tablet | D65: 1000 | E65: ='PENERIMAAN OBAT PKD'!H59 -> 0 | F65: =SUM(D65:E65) -> 1000 | G65: =DISTRIBUSI!Z60 -> 0 | H65: =F65-G65 -> 1000 | J65: ='STOK OPNAME GUDANG'!D57 -> 40 | L65: =E65-K65 -> 0 | M65: =DISTRIBUSI!Z60 -> 0 | N65: =G65-M65 -> 0
A66: =A65+1 -> 52 | B66: Haloperidol tab 5 mg | C66: Ktk @ 100 tablet | E66: ='PENERIMAAN OBAT PKD'!H60 -> 0 | F66: =SUM(D66:E66) -> 0 | G66: =DISTRIBUSI!Z61 -> 0 | H66: =F66-G66 -> 0 | J66: ='STOK OPNAME GUDANG'!D58 -> 1000 | L66: =E66-K66 -> 0 | M66: =DISTRIBUSI!Z61 -> 0 | N66: =G66-M66 -> 0
A67: =A66+1 -> 53 | B67: Hidrokortison krim 2,5% | C67: tube @ 5 gram | D67: 72 | E67: ='PENERIMAAN OBAT PKD'!H61 -> 0 | F67: =SUM(D67:E67) -> 72 | G67: =DISTRIBUSI!Z62 -> 0 | H67: =F67-G67 -> 72 | J67: ='STOK OPNAME GUDANG'!D60 -> 72 | L67: =E67-K67 -> 0 | M67: =DISTRIBUSI!Z62 -> 0 | N67: =G67-M67 -> 0
A68: =A67+1 -> 54 | B68: Hiosina butilbromida tab 10 mg ( Buscopan ) | C68: Ktk 10 x 10 Tablet | D68: 0 | E68: ='PENERIMAAN OBAT PKD'!H62 -> 300 | F68: =SUM(D68:E68) -> 300 | G68: =DISTRIBUSI!Z63 -> 300 | H68: =F68-G68 -> 0 | I68: 1000 | J68: ='STOK OPNAME GUDANG'!D61 -> 0 | L68: =E68-K68 -> 300 | M68: =DISTRIBUSI!Z63 -> 300 | N68: =G68-M68 -> 0
A69: =A68+1 -> 55 | B69: Ibuprofen sir 100 mg/5 ml | C69: Botol | D69: 100 | E69: ='PENERIMAAN OBAT PKD'!H63 -> 0 | F69: =SUM(D69:E69) -> 100 | G69: =DISTRIBUSI!Z64 -> 10 | H69: =F69-G69 -> 90 | J69: ='STOK OPNAME GUDANG'!D62 -> 90 | L69: =E69-K69 -> 0 | M69: =DISTRIBUSI!Z64 -> 10 | N69: =G69-M69 -> 0
A70: =A69+1 -> 56 | B70: Ibuprofen tab 400 mg | C70: Ktk 100 tablet | D70: 500 | E70: ='PENERIMAAN OBAT PKD'!H64 -> 1500 | F70: =SUM(D70:E70) -> 2000 | G70: =DISTRIBUSI!Z65 -> 1500 | H70: =F70-G70 -> 500 | I70: 2000 | J70: ='STOK OPNAME GUDANG'!D63 -> 500 | L70: =E70-K70 -> 1500 | M70: =DISTRIBUSI!Z65 -> 1500 | N70: =G70-M70 -> 0
A71: =A70+1 -> 57 | B71: Isosorbid dinitrat tab 5 mg | C71: Ktk @ 100 tablet | E71: ='PENERIMAAN OBAT PKD'!H65 -> 0 | F71: =SUM(D71:E71) -> 0 | G71: =DISTRIBUSI!Z66 -> 0 | H71: =F71-G71 -> 0 | J71: ='STOK OPNAME GUDANG'!D64 -> 0 | L71: =E71-K71 -> 0 | M71: =DISTRIBUSI!Z66 -> 0 | N71: =G71-M71 -> 0
A72: =A71+1 -> 58 | B72: Kalsium laktat (kalk) tab 500 mg | C72: Ktk @ 100 tablet | D72: 2300 | E72: ='PENERIMAAN OBAT PKD'!H66 -> 0 | F72: =SUM(D72:E72) -> 2300 | G72: =DISTRIBUSI!Z67 -> 2300 | H72: =F72-G72 -> 0 | I72: 3000 | J72: ='STOK OPNAME GUDANG'!D65 -> 0 | L72: =E72-K72 -> 0 | M72: =DISTRIBUSI!Z67 -> 2300 | N72: =G72-M72 -> 0
A73: =A72+1 -> 59 | B73: Kaptopril tab 25 mg | C73: Ktk @ 100 tablet | D73: 900 | E73: ='PENERIMAAN OBAT PKD'!H67 -> 0 | F73: =SUM(D73:E73) -> 900 | G73: =DISTRIBUSI!Z68 -> 900 | H73: =F73-G73 -> 0 | I73: 2000 | J73: ='STOK OPNAME GUDANG'!D66 -> 0 | L73: =E73-K73 -> 0 | M73: =DISTRIBUSI!Z68 -> 900 | N73: =G73-M73 -> 0
A74: =A73+1 -> 60 | B74: Karbamazepin tab 200 mg | C74: Ktk @ 100 tablet | D74: 500 | E74: ='PENERIMAAN OBAT PKD'!H68 -> 0 | F74: =SUM(D74:E74) -> 500 | G74: =DISTRIBUSI!Z69 -> 0 | H74: =F74-G74 -> 500 | J74: ='STOK OPNAME GUDANG'!D67 -> 500 | L74: =E74-K74 -> 0 | M74: =DISTRIBUSI!Z69 -> 0 | N74: =G74-M74 -> 0
A75: =A74+1 -> 61 | B75: Karbogliserin tts telinga 10 % ( Fenol gliserol ) | C75: Botol | D75: 24 | E75: ='PENERIMAAN OBAT PKD'!H69 -> 0 | F75: =SUM(D75:E75) -> 24 | G75: =DISTRIBUSI!Z70 -> 0 | H75: =F75-G75 -> 24 | J75: ='STOK OPNAME GUDANG'!D68 -> 24 | L75: =E75-K75 -> 0 | M75: =DISTRIBUSI!Z70 -> 0 | N75: =G75-M75 -> 0
A76: =A75+1 -> 62 | B76: Ketokonazol tab 200 mg | C76: Ktk 5 x 10 Tablet | D76: 400 | E76: ='PENERIMAAN OBAT PKD'!H70 -> 0 | F76: =SUM(D76:E76) -> 400 | G76: =DISTRIBUSI!Z71 -> 0 | H76: =F76-G76 -> 400 | J76: ='STOK OPNAME GUDANG'!D69 -> 400 | L76: =E76-K76 -> 0 | M76: =DISTRIBUSI!Z71 -> 0 | N76: =G76-M76 -> 0
A77: =A76+1 -> 63 | B77: Kloramfenikol 250 mg kapsul | C77: Ktk @100 kapsul | D77: 200 | E77: ='PENERIMAAN OBAT PKD'!H71 -> 0 | F77: =SUM(D77:E77) -> 200 | G77: =DISTRIBUSI!Z72 -> 0 | H77: =F77-G77 -> 200 | J77: ='STOK OPNAME GUDANG'!D70 -> 200 | L77: =E77-K77 -> 0 | M77: =DISTRIBUSI!Z72 -> 0 | N77: =G77-M77 -> 0
A78: =A77+1 -> 64 | B78: Kloramfenikol Salep Kulit 2% ( Bufacetin ) | C78: Tube @ 15 gr | D78: 50 | E78: ='PENERIMAAN OBAT PKD'!H72 -> 30 | F78: =SUM(D78:E78) -> 80 | G78: =DISTRIBUSI!Z73 -> 15 | H78: =F78-G78 -> 65 | J78: ='STOK OPNAME GUDANG'!D71 -> 65 | L78: =E78-K78 -> 30 | M78: =DISTRIBUSI!Z73 -> 15 | N78: =G78-M78 -> 0
A79: =A78+1 -> 65 | B79: Kloramfenikol salep mata 1% | C79: Tube @ 5 gr | D79: 24 | E79: ='PENERIMAAN OBAT PKD'!H73 -> 0 | F79: =SUM(D79:E79) -> 24 | G79: =DISTRIBUSI!Z74 -> 0 | H79: =F79-G79 -> 24 | J79: ='STOK OPNAME GUDANG'!D72 -> 24 | L79: =E79-K79 -> 0 | M79: =DISTRIBUSI!Z74 -> 0 | N79: =G79-M79 -> 0
A80: =A79+1 -> 66 | B80: Kloramfenikol susp 125 mg/5 ml | C80: Botol | E80: ='PENERIMAAN OBAT PKD'!H74 -> 0 | F80: =SUM(D80:E80) -> 0 | G80: =DISTRIBUSI!Z75 -> 0 | H80: =F80-G80 -> 0 | J80: ='STOK OPNAME GUDANG'!D73 -> 0 | L80: =E80-K80 -> 0 | M80: =DISTRIBUSI!Z75 -> 0 | N80: =G80-M80 -> 0
A81: =A80+1 -> 67 | B81: Kloramfenikol Tetes Telinga ( ERLAMYCETIN | C81: Botol | E81: ='PENERIMAAN OBAT PKD'!H75 -> 0 | F81: =SUM(D81:E81) -> 0 | G81: =DISTRIBUSI!Z76 -> 0 | H81: =F81-G81 -> 0 | J81: ='STOK OPNAME GUDANG'!D74 -> 0 | L81: =E81-K81 -> 0 | M81: =DISTRIBUSI!Z76 -> 0 | N81: =G81-M81 -> 0
A82: =A81+1 -> 68 | B82: Kloramfenikol tts mata 0,5% ( Decacetine) | C82: Botol | E82: ='PENERIMAAN OBAT PKD'!H76 -> 0 | F82: =SUM(D82:E82) -> 0 | G82: =DISTRIBUSI!Z77 -> 0 | H82: =F82-G82 -> 0 | I82: 50 | J82: ='STOK OPNAME GUDANG'!D75 -> 0 | L82: =E82-K82 -> 0 | M82: =DISTRIBUSI!Z77 -> 0 | N82: =G82-M82 -> 0
A83: =A82+1 -> 69 | B83: Klorfeniramin Maleat ( CTM ) tab 4 mg | C83: Ktk @ 100 tablet | D83: 2200 | E83: ='PENERIMAAN OBAT PKD'!H77 -> 1000 | F83: =SUM(D83:E83) -> 3200 | G83: =DISTRIBUSI!Z78 -> 2200 | H83: =F83-G83 -> 1000 | I83: 2000 | J83: ='STOK OPNAME GUDANG'!D76 -> 1000 | L83: =E83-K83 -> 1000 | M83: =DISTRIBUSI!Z78 -> 2200 | N83: =G83-M83 -> 0
A84: =A83+1 -> 70 | B84: Klorpromazin tablet 100 mg | C84: Ktk @ 100 tablet | D84: 1000 | E84: ='PENERIMAAN OBAT PKD'!H78 -> 0 | F84: =SUM(D84:E84) -> 1000 | G84: =DISTRIBUSI!Z79 -> 0 | H84: =F84-G84 -> 1000 | J84: ='STOK OPNAME GUDANG'!D77 -> 1000 | L84: =E84-K84 -> 0 | M84: =DISTRIBUSI!Z79 -> 0 | N84: =G84-M84 -> 0
A85: =A84+1 -> 71 | B85: Kodein tab 10 mg | C85: Ktk @ 100 tablet | E85: ='PENERIMAAN OBAT PKD'!H79 -> 0 | F85: =SUM(D85:E85) -> 0 | G85: =DISTRIBUSI!Z80 -> 0 | H85: =F85-G85 -> 0 | J85: ='STOK OPNAME GUDANG'!D78 -> 0 | L85: =E85-K85 -> 0 | M85: =DISTRIBUSI!Z80 -> 0 | N85: =G85-M85 -> 0
A86: =A85+1 -> 72 | B86: Kotrimoksazol (dewasa) kombinasi : sulfametoksazol 400 mg+ trimetoprim 80 mg | C86: Ktk @ 100 tablet | D86: 500 | E86: ='PENERIMAAN OBAT PKD'!H80 -> 0 | F86: =SUM(D86:E86) -> 500 | G86: =DISTRIBUSI!Z81 -> 0 | H86: =F86-G86 -> 500 | J86: ='STOK OPNAME GUDANG'!D81 -> 85 | L86: =E86-K86 -> 0 | M86: =DISTRIBUSI!Z81 -> 0 | N86: =G86-M86 -> 0
A87: =A86+1 -> 73 | B87: Kotrimoksazol (dewasa) kombinasi tiap 5 ml suspensi : sulfametoksazol 200 mg + trimetoprim 40 mg | C87: Btl 60 ml | D87: 30 | E87: ='PENERIMAAN OBAT PKD'!H81 -> 0 | F87: =SUM(D87:E87) -> 30 | G87: =DISTRIBUSI!Z82 -> 0 | H87: =F87-G87 -> 30 | J87: ='STOK OPNAME GUDANG'!D82 -> 0 | L87: =E87-K87 -> 0 | M87: =DISTRIBUSI!Z82 -> 0 | N87: =G87-M87 -> 0
A88: =A87+1 -> 74 | B88: Lidokain inj 2% (hcl) | C88: ampul @ 2 ml | D88: 85 | E88: ='PENERIMAAN OBAT PKD'!H82 -> 0 | F88: =SUM(D88:E88) -> 85 | G88: =DISTRIBUSI!Z83 -> 0 | H88: =F88-G88 -> 85 | J88: ='STOK OPNAME GUDANG'!D83 -> 0 | L88: =E88-K88 -> 0 | M88: =DISTRIBUSI!Z83 -> 0 | N88: =G88-M88 -> 0
A89: =A88+1 -> 75 | B89: Metamizol Natrium (Norages) Injeksi | C89: Ampul | D89: 0 | E89: ='PENERIMAAN OBAT PKD'!H83 -> 100 | F89: =SUM(D89:E89) -> 100 | G89: =DISTRIBUSI!Z84 -> 100 | H89: =F89-G89 -> 0 | I89: 4000 | J89: ='STOK OPNAME GUDANG'!D84 -> 0 | L89: =E89-K89 -> 100 | M89: =DISTRIBUSI!Z84 -> 100 | N89: =G89-M89 -> 0
A90: =A89+1 -> 76 | B90: Metformin tab 500 mg | C90: Ktk 10 x 10 Tablet | D90: 0 | E90: ='PENERIMAAN OBAT PKD'!H84 -> 4000 | F90: =SUM(D90:E90) -> 4000 | G90: =DISTRIBUSI!Z85 -> 4000 | H90: =F90-G90 -> 0 | I90: 7000 | J90: ='STOK OPNAME GUDANG'!D85 -> 400 | L90: =E90-K90 -> 4000 | M90: =DISTRIBUSI!Z85 -> 4000 | N90: =G90-M90 -> 0
A91: =A90+1 -> 77 | B91: Metilergometrin Maleat Inj 0,2 mg/ml | C91: Ampul | E91: ='PENERIMAAN OBAT PKD'!H85 -> 0 | F91: =SUM(D91:E91) -> 0 | G91: =DISTRIBUSI!Z86 -> 0 | H91: =F91-G91 -> 0 | J91: ='STOK OPNAME GUDANG'!D86 -> 500 | L91: =E91-K91 -> 0 | M91: =DISTRIBUSI!Z86 -> 0 | N91: =G91-M91 -> 0
A92: =A91+1 -> 78 | B92: Metilergometrin Maleat tab salut 0,125 mg | C92: Ktk @ 100 tablet | D92: 400 | E92: ='PENERIMAAN OBAT PKD'!H86 -> 0 | F92: =SUM(D92:E92) -> 400 | G92: =DISTRIBUSI!Z87 -> 0 | H92: =F92-G92 -> 400 | J92: ='STOK OPNAME GUDANG'!D87 -> 0 | L92: =E92-K92 -> 0 | M92: =DISTRIBUSI!Z87 -> 0 | N92: =G92-M92 -> 0
A93: =A92+1 -> 79 | B93: Metilprednisolon tab 4 mg | C93: Ktk @ 100 tablet | D93: 500 | E93: ='PENERIMAAN OBAT PKD'!H87 -> 1000 | F93: =SUM(D93:E93) -> 1500 | G93: =DISTRIBUSI!Z88 -> 1000 | H93: =F93-G93 -> 500 | I93: 2000 | J93: ='STOK OPNAME GUDANG'!D88 -> 500 | L93: =E93-K93 -> 1000 | M93: =DISTRIBUSI!Z88 -> 1000 | N93: =G93-M93 -> 0
A94: =A93+1 -> 80 | B94: Metoklopramid tab 10 mg | C94: Ktk @ 100 tablet | E94: ='PENERIMAAN OBAT PKD'!H88 -> 0 | F94: =SUM(D94:E94) -> 0 | G94: =DISTRIBUSI!Z89 -> 0 | H94: =F94-G94 -> 0 | J94: ='STOK OPNAME GUDANG'!D89 -> 0 | L94: =E94-K94 -> 0 | M94: =DISTRIBUSI!Z89 -> 0 | N94: =G94-M94 -> 0
A95: =A94+1 -> 81 | B95: Metronidazol tab 500 mg | C95: Ktk @ 100 tablet | D95: 1000 | E95: ='PENERIMAAN OBAT PKD'!H89 -> 0 | F95: =SUM(D95:E95) -> 1000 | G95: =DISTRIBUSI!Z90 -> 500 | H95: =F95-G95 -> 500 | J95: ='STOK OPNAME GUDANG'!D90 -> 40 | L95: =E95-K95 -> 0 | M95: =DISTRIBUSI!Z90 -> 500 | N95: =G95-M95 -> 0
A96: =A95+1 -> 82 | B96: Metronidazole Infus | C96: Botol | E96: ='PENERIMAAN OBAT PKD'!H90 -> 0 | F96: =SUM(D96:E96) -> 0 | G96: =DISTRIBUSI!Z91 -> 0 | H96: =F96-G96 -> 0 | J96: ='STOK OPNAME GUDANG'!D91 -> 0 | L96: =E96-K96 -> 0 | M96: =DISTRIBUSI!Z91 -> 0 | N96: =G96-M96 -> 0
A97: =A96+1 -> 83 | B97: Mikonazol krim 2% | C97: Tube 10 gram | E97: ='PENERIMAAN OBAT PKD'!H91 -> 50 | F97: =SUM(D97:E97) -> 50 | G97: =DISTRIBUSI!Z92 -> 10 | H97: =F97-G97 -> 40 | J97: ='STOK OPNAME GUDANG'!D92 -> 1000 | L97: =E97-K97 -> 50 | M97: =DISTRIBUSI!Z92 -> 10 | N97: =G97-M97 -> 0
A98: =A97+1 -> 84 | B98: NaCl 0,9% Larutan | C98: Botol 500 ml | D98: 40 | E98: ='PENERIMAAN OBAT PKD'!H92 -> 60 | F98: =SUM(D98:E98) -> 100 | G98: =DISTRIBUSI!Z93 -> 100 | H98: =F98-G98 -> 0 | I98: 100 | J98: ='STOK OPNAME GUDANG'!D93 -> 800 | L98: =E98-K98 -> 60 | M98: =DISTRIBUSI!Z93 -> 100 | N98: =G98-M98 -> 0
A99: =A98+1 -> 85 | B99: N-asetil sistein kaps 200 mg | C99: Ktk @100 kapsul | D99: 2000 | E99: ='PENERIMAAN OBAT PKD'!H93 -> 0 | F99: =SUM(D99:E99) -> 2000 | G99: =DISTRIBUSI!Z94 -> 1000 | H99: =F99-G99 -> 1000 | I99: 2000 | J99: ='STOK OPNAME GUDANG'!D94 -> 300 | L99: =E99-K99 -> 0 | M99: =DISTRIBUSI!Z94 -> 1000 | N99: =G99-M99 -> 0
A100: =A99+1 -> 86 | B100: Natrium diklofenak tab 50 mg | C100: Ktk 5 x 10 Tablet | D100: 1500 | E100: ='PENERIMAAN OBAT PKD'!H94 -> 1500 | F100: =SUM(D100:E100) -> 3000 | G100: =DISTRIBUSI!Z95 -> 2200 | H100: =F100-G100 -> 800 | I100: 2000 | J100: ='STOK OPNAME GUDANG'!D95 -> 0 | L100: =E100-K100 -> 1500 | M100: =DISTRIBUSI!Z95 -> 2200 | N100: =G100-M100 -> 0
A101: =A100+1 -> 87 | B101: Nifedipin kaps 10 mg | C101: Ktk @ 100 tablet | D101: 300 | E101: ='PENERIMAAN OBAT PKD'!H95 -> 0 | F101: =SUM(D101:E101) -> 300 | G101: =DISTRIBUSI!Z96 -> 0 | H101: =F101-G101 -> 300 | J101: ='STOK OPNAME GUDANG'!D96 -> 0 | L101: =E101-K101 -> 0 | M101: =DISTRIBUSI!Z96 -> 0 | N101: =G101-M101 -> 0
A102: =A101+1 -> 88 | B102: Nistatin tab vaginal 100.000 UI | C102: Ktk @ 100 tablet | E102: ='PENERIMAAN OBAT PKD'!H96 -> 0 | F102: =SUM(D102:E102) -> 0 | G102: =DISTRIBUSI!Z97 -> 0 | H102: =F102-G102 -> 0 | J102: ='STOK OPNAME GUDANG'!D97 -> 0 | L102: =E102-K102 -> 0 | M102: =DISTRIBUSI!Z97 -> 0 | N102: =G102-M102 -> 0
...

Sheet LPLPO PROGRAM
A1: LAPORAN PEMAKAIAN DAN LEMBAR PERMINTAAN OBAT
A2: (LPLPO)
A4: KODE PUSKESMAS | C4: : LPLPO PROGRAM
A5: PUSKESMAS | C5: : SUKAMAJU
A6: KECAMATAN | C6: : SUKAMAJU
A7: KABUPATEN | C7: : LUWU UTARA
A8: PROPINSI | C8: : SULAWESI SELATAN
K9: BULAN | M9: FEBRUARI
K10: TAHUN | M10: 2026 | W10: 12
A11: NO | B11: Nama Obat | C11: SATUAN | D11: STOK AWAL | E11: PENERIMAAN | F11: PERSEDIAAN | G11: PEMAKAIAN | H11: SISA STOK | I11: PERMINTAAN | J11: PEMBERIAN | O11: KET
J12: PKD | K12: JKN | L12: PROG | M12: LAIN-LAIN | N12: JML
A13: 1 | B13: 2 | C13: 4 | D13: 5 | E13: 6 | F13: 7 | G13: 8 | H13: 9 | I13: 10 | J13: 11 | K13: 12 | L13: 13 | M13: 14 | N13: 15 | O13: 16
A14: 1 | B14: GIZI
A15: 2 | B15: Mineral Mix | C15: Sacshet | E15: ='PENERIMAAN OBAT PROGRAM'!G10 -> 0 | F15: =D15+E15 -> 0 | G15: =DISTRIBUSI!Z184 -> 0 | H15: =F15-G15 -> 0 | R15: 0 | S15: =H15-R15 -> 0
A16: 3 | B16: Supralysin | C16: Botol | E16: ='PENERIMAAN OBAT PROGRAM'!G11 -> 0 | F16: =D16+E16 -> 0 | G16: =DISTRIBUSI!Z185 -> 0 | H16: =F16-G16 -> 0 | R16: 0 | S16: =H16-R16 -> 0
A17: 4 | B17: Tabelt Tambah Darah | C17: Tablet | D17: 4300 | E17: ='PENERIMAAN OBAT PROGRAM'!G12 -> 20000 | F17: =D17+E17 -> 24300 | G17: =DISTRIBUSI!Z186 -> 4300 | H17: =F17-G17 -> 20000 | R17: 2700 | S17: =H17-R17 -> 17300
A18: 5 | B18: Taburia | C18: Sacshet | E18: ='PENERIMAAN OBAT PROGRAM'!G13 -> 0 | F18: =D18+E18 -> 0 | G18: =DISTRIBUSI!Z187 -> 0 | H18: =F18-G18 -> 0 | R18: 0 | S18: =H18-R18 -> 0
A19: 6 | B19: Vitamin A Biru 10000 iu | C19: Kapsul | E19: ='PENERIMAAN OBAT PROGRAM'!G14 -> 0 | F19: =D19+E19 -> 0 | G19: =DISTRIBUSI!Z188 -> 0 | H19: =F19-G19 -> 0 | R19: 0 | S19: =H19-R19 -> 0
A20: 7 | B20: Vitamin A Merah 20000 iu | C20: Kapsul | D20: 50 | E20: ='PENERIMAAN OBAT PROGRAM'!G15 -> 0 | F20: =D20+E20 -> 50 | G20: =DISTRIBUSI!Z189 -> 0 | H20: =F20-G20 -> 50 | R20: 0 | S20: =H20-R20 -> 50
A21: 8 | E21: ='PENERIMAAN OBAT PROGRAM'!G16 -> 0 | F21: =D21+E21 -> 0 | G21: =DISTRIBUSI!Z190 -> 0 | H21: =F21-G21 -> 0 | R21: 0 | S21: =H21-R21 -> 0
A22: 9 | E22: ='PENERIMAAN OBAT PROGRAM'!G17 -> 0 | F22: =D22+E22 -> 0 | G22: =DISTRIBUSI!Z191 -> 0 | H22: =F22-G22 -> 0 | R22: 0 | S22: =H22-R22 -> 0
A23: 10 | E23: ='PENERIMAAN OBAT PROGRAM'!G18 -> 0 | F23: =D23+E23 -> 0 | G23: =DISTRIBUSI!Z192 -> 0 | H23: =F23-G23 -> 0 | R23: 0 | S23: =H23-R23 -> 0
A24: 11 | B24: OBAT KESEHATAN IBU ANAK | S24: =H24-R24 -> 0
A25: 12 | B25: Phenobarbital Injeksi | C25: Ampul | E25: ='PENERIMAAN OBAT PROGRAM'!G20 -> 0 | F25: =D25+E25 -> 0 | G25: =DISTRIBUSI!Z194 -> 0 | H25: =F25-G25 -> 0 | R25: 0 | S25: =H25-R25 -> 0
A26: 13 | B26: Ampicilin injeksi | C26: vial | E26: ='PENERIMAAN OBAT PROGRAM'!G21 -> 0 | F26: =D26+E26 -> 0 | G26: =DISTRIBUSI!Z195 -> 0 | H26: =F26-G26 -> 0 | R26: 0 | S26: =H26-R26 -> 0
A27: 14 | B27: Calsii Gluconas | C27: Ampul | E27: ='PENERIMAAN OBAT PROGRAM'!G22 -> 0 | F27: =D27+E27 -> 0 | G27: =DISTRIBUSI!Z196 -> 0 | H27: =F27-G27 -> 0 | R27: 0 | S27: =H27-R27 -> 0
A28: 15 | B28: Dextrosa 5% | C28: Botol | E28: ='PENERIMAAN OBAT PROGRAM'!G23 -> 0 | F28: =D28+E28 -> 0 | G28: =DISTRIBUSI!Z197 -> 0 | H28: =F28-G28 -> 0 | R28: 0 | S28: =H28-R28 -> 0
A29: 16 | B29: Diazepam Injeksi | C29: Ampul | E29: ='PENERIMAAN OBAT PROGRAM'!G24 -> 0 | F29: =D29+E29 -> 0 | G29: =DISTRIBUSI!Z198 -> 0 | H29: =F29-G29 -> 0 | R29: 0 | S29: =H29-R29 -> 0
A30: 17 | B30: Fitomenadion injeksi 2 mg/ ml | C30: Ampul | D30: 40 | E30: ='PENERIMAAN OBAT PROGRAM'!G25 -> 0 | F30: =D30+E30 -> 40 | G30: =DISTRIBUSI!Z199 -> 40 | H30: =F30-G30 -> 0 | R30: 0 | S30: =H30-R30 -> 0
A31: 18 | B31: Methyl Ergometrine inje 2 mg | C31: Ampul | E31: ='PENERIMAAN OBAT PROGRAM'!G26 -> 0 | F31: =D31+E31 -> 0 | G31: =DISTRIBUSI!Z200 -> 0 | H31: =F31-G31 -> 0 | R31: 0 | S31: =H31-R31 -> 0
A32: 19 | B32: Mgso4 20 % | C32: Ampul | E32: ='PENERIMAAN OBAT PROGRAM'!G27 -> 0 | F32: =D32+E32 -> 0 | G32: =DISTRIBUSI!Z201 -> 0 | H32: =F32-G32 -> 0 | R32: 0 | S32: =H32-R32 -> 0
A33: 20 | B33: Mgso4 40 % | C33: Ampul | E33: ='PENERIMAAN OBAT PROGRAM'!G28 -> 0 | F33: =D33+E33 -> 0 | G33: =DISTRIBUSI!Z202 -> 0 | H33: =F33-G33 -> 0 | R33: 0 | S33: =H33-R33 -> 0
A34: 21 | B34: Oksitosin Injeksi | C34: Ampul | E34: ='PENERIMAAN OBAT PROGRAM'!G29 -> 50 | F34: =D34+E34 -> 50 | G34: =DISTRIBUSI!Z203 -> 40 | H34: =F34-G34 -> 10 | R34: 0 | S34: =H34-R34 -> 10
A35: 22 | B35: Oxytetra Salep mata 1 % | C35: Tube | E35: ='PENERIMAAN OBAT PROGRAM'!G30 -> 0 | F35: =D35+E35 -> 0 | G35: =DISTRIBUSI!Z204 -> 0 | H35: =F35-G35 -> 0 | R35: 0 | S35: =H35-R35 -> 0
A36: 23 | B36: Proten Gold Vanila | E36: ='PENERIMAAN OBAT PROGRAM'!G31 -> 0 | F36: =D36+E36 -> 0 | G36: =DISTRIBUSI!Z205 -> 0 | H36: =F36-G36 -> 0 | R36: 0 | S36: =H36-R36 -> 0
A37: 24 | B37: Levothyrokxine | C37: Tablet | E37: ='PENERIMAAN OBAT PROGRAM'!G32 -> 0 | F37: =D37+E37 -> 0 | G37: =DISTRIBUSI!Z206 -> 0 | H37: =F37-G37 -> 0 | R37: 0 | S37: =H37-R37 -> 0
A38: 25 | B38: Multivitamin MMS | C38: Botol | E38: ='PENERIMAAN OBAT PROGRAM'!G33 -> 409 | F38: =D38+E38 -> 409 | G38: =DISTRIBUSI!Z207 -> 47 | H38: =F38-G38 -> 362 | R38: 0 | S38: =H38-R38 -> 362
A39: 26 | B39: Kloramfenikol Salep Mata | C39: Tube | E39: ='PENERIMAAN OBAT PROGRAM'!G34 -> 0 | F39: =D39+E39 -> 0 | G39: =DISTRIBUSI!Z208 -> 0 | H39: =F39-G39 -> 0 | R39: 0 | S39: =H39-R39 -> 0
A40: 27 | E40: ='PENERIMAAN OBAT PROGRAM'!G35 -> 0 | F40: =D40+E40 -> 0 | G40: =DISTRIBUSI!Z209 -> 0 | H40: =F40-G40 -> 0 | R40: 0 | S40: =H40-R40 -> 0
A41: 28 | B41: OBAT PROGRAM MALARIA | S41: =H41-R41 -> 0
A42: 29 | B42: ACT ( Obat Antimalaria )/DHP | C42: Tablet | E42: ='PENERIMAAN OBAT PROGRAM'!G37 -> 0 | F42: =D42+E42 -> 0 | G42: =DISTRIBUSI!Z211 -> 0 | H42: =F42-G42 -> 0 | R42: 18 | S42: =H42-R42 -> -18
A43: 30 | B43: Artesunat Injeksi 60mg/ml | C43: vial | E43: ='PENERIMAAN OBAT PROGRAM'!G38 -> 0 | F43: =D43+E43 -> 0 | G43: =DISTRIBUSI!Z212 -> 0 | H43: =F43-G43 -> 0 | R43: 0 | S43: =H43-R43 -> 0
A44: 31 | B44: Giemsa | C44: Botol | E44: ='PENERIMAAN OBAT PROGRAM'!G39 -> 0 | F44: =D44+E44 -> 0 | G44: =DISTRIBUSI!Z213 -> 0 | H44: =F44-G44 -> 0 | R44: 0 | S44: =H44-R44 -> 0
A45: 32 | B45: Primaquin | C45: Tablet | E45: ='PENERIMAAN OBAT PROGRAM'!G40 -> 0 | F45: =D45+E45 -> 0 | G45: =DISTRIBUSI!Z214 -> 0 | H45: =F45-G45 -> 0 | R45: 16 | S45: =H45-R45 -> -16
A46: 33 | B46: RDT Chikungunya | C46: Pcs | E46: ='PENERIMAAN OBAT PROGRAM'!G41 -> 0 | F46: =D46+E46 -> 0 | G46: =DISTRIBUSI!Z215 -> 0 | H46: =F46-G46 -> 0 | R46: 0 | S46: =H46-R46 -> 0
A47: 34 | B47: RDT DBD | C47: Pcs | E47: ='PENERIMAAN OBAT PROGRAM'!G42 -> 0 | F47: =D47+E47 -> 0 | G47: =DISTRIBUSI!Z216 -> 0 | H47: =F47-G47 -> 0 | R47: 0 | S47: =H47-R47 -> 0
A48: 35 | B48: RDT Frambusia | C48: Pcs | E48: ='PENERIMAAN OBAT PROGRAM'!G43 -> 0 | F48: =D48+E48 -> 0 | G48: =DISTRIBUSI!Z217 -> 0 | H48: =F48-G48 -> 0 | R48: 0 | S48: =H48-R48 -> 0
A49: 36 | B49: RDT Malaria | C49: Tes | E49: ='PENERIMAAN OBAT PROGRAM'!G44 -> 0 | F49: =D49+E49 -> 0 | G49: =DISTRIBUSI!Z218 -> 0 | H49: =F49-G49 -> 0 | R49: 0 | S49: =H49-R49 -> 0
A50: 37 | B50: Reagen Kit Malaria | C50: Kit | E50: ='PENERIMAAN OBAT PROGRAM'!G45 -> 0 | F50: =D50+E50 -> 0 | G50: =DISTRIBUSI!Z219 -> 0 | H50: =F50-G50 -> 0 | R50: 0 | S50: =H50-R50 -> 0
A51: 38 | B51: Insektisida Cynof | C51: Botol | E51: ='PENERIMAAN OBAT PROGRAM'!G46 -> 0 | F51: =D51+E51 -> 0 | G51: =DISTRIBUSI!Z220 -> 0 | H51: =F51-G51 -> 0 | R51: 0 | S51: =H51-R51 -> 0
A52: 39 | E52: ='PENERIMAAN OBAT PROGRAM'!G47 -> 0 | F52: =D52+E52 -> 0 | G52: =DISTRIBUSI!Z221 -> 0 | H52: =F52-G52 -> 0 | R52: 0 | S52: =H52-R52 -> 0
A53: 40 | E53: ='PENERIMAAN OBAT PROGRAM'!G48 -> 0 | F53: =D53+E53 -> 0 | G53: =DISTRIBUSI!Z222 -> 0 | H53: =F53-G53 -> 0 | R53: 0 | S53: =H53-R53 -> 0
A54: 41 | B54: OBAT PROGRAM KECACINGAN | S54: =H54-R54 -> 0
A55: 42 | B55: Albendazole | C55: Tablet | E55: ='PENERIMAAN OBAT PROGRAM'!G50 -> 0 | F55: =D55+E55 -> 0 | G55: =DISTRIBUSI!Z224 -> 0 | H55: =F55-G55 -> 0 | R55: 0 | S55: =H55-R55 -> 0
A56: 43 | B56: Albendazole Syrup suspensi 200 mg/ml | C56: Botol | E56: ='PENERIMAAN OBAT PROGRAM'!G51 -> 0 | F56: =D56+E56 -> 0 | G56: =DISTRIBUSI!Z225 -> 0 | H56: =F56-G56 -> 0 | R56: 0 | S56: =H56-R56 -> 0
A57: 44 | B57: Albendazole (Bantuan WHO) | C57: Botol | E57: ='PENERIMAAN OBAT PROGRAM'!G52 -> 0 | F57: =D57+E57 -> 0 | G57: =DISTRIBUSI!Z226 -> 0 | H57: =F57-G57 -> 0 | R57: 0 | S57: =H57-R57 -> 0
A58: 45 | E58: ='PENERIMAAN OBAT PROGRAM'!G53 -> 0 | F58: =D58+E58 -> 0 | G58: =DISTRIBUSI!Z227 -> 0 | H58: =F58-G58 -> 0 | R58: 0 | S58: =H58-R58 -> 0
A59: 46 | E59: ='PENERIMAAN OBAT PROGRAM'!G54 -> 0 | F59: =D59+E59 -> 0 | G59: =DISTRIBUSI!Z228 -> 0 | H59: =F59-G59 -> 0 | R59: 0 | S59: =H59-R59 -> 0
A60: 47 | E60: ='PENERIMAAN OBAT PROGRAM'!G55 -> 0 | F60: =D60+E60 -> 0 | G60: =DISTRIBUSI!Z229 -> 0 | H60: =F60-G60 -> 0 | R60: 0 | S60: =H60-R60 -> 0
A61: 48 | B61: OBAT PROGRAM KESWA | S61: =H61-R61 -> 0
A62: 49 | B62: Amitriptilin 25 | C62: Tablet | D62: 200 | E62: ='PENERIMAAN OBAT PROGRAM'!G57 -> 0 | F62: =D62+E62 -> 200 | G62: =DISTRIBUSI!Z231 -> 0 | H62: =F62-G62 -> 200 | R62: 100 | S62: =H62-R62 -> 100
A63: 50 | B63: Clobazam 10 mg | C63: Tablet | E63: ='PENERIMAAN OBAT PROGRAM'!G58 -> 0 | F63: =D63+E63 -> 0 | G63: =DISTRIBUSI!Z232 -> 0 | H63: =F63-G63 -> 0 | R63: 0 | S63: =H63-R63 -> 0
A64: 51 | B64: Clozapine | C64: Tablet | E64: ='PENERIMAAN OBAT PROGRAM'!G59 -> 0 | F64: =D64+E64 -> 0 | G64: =DISTRIBUSI!Z233 -> 0 | H64: =F64-G64 -> 0 | R64: 0 | S64: =H64-R64 -> 0
A65: 52 | B65: Haloperidol 5 mg | C65: Tablet | E65: ='PENERIMAAN OBAT PROGRAM'!G60 -> 0 | F65: =D65+E65 -> 0 | G65: =DISTRIBUSI!Z234 -> 0 | H65: =F65-G65 -> 0 | R65: 0 | S65: =H65-R65 -> 0
A66: 53 | B66: Klorpromazin Hcl 100 mg | C66: tablet | E66: ='PENERIMAAN OBAT PROGRAM'!G61 -> 0 | F66: =D66+E66 -> 0 | G66: =DISTRIBUSI!Z235 -> 0 | H66: =F66-G66 -> 0 | R66: 0 | S66: =H66-R66 -> 0
A67: 54 | B67: Rispiridon 2 mg | C67: Tablet | E67: ='PENERIMAAN OBAT PROGRAM'!G62 -> 0 | F67: =D67+E67 -> 0 | G67: =DISTRIBUSI!Z236 -> 0 | H67: =F67-G67 -> 0 | R67: 0 | S67: =H67-R67 -> 0
A68: 55 | B68: Trihexifenidil 2 mg | C68: Tablet | E68: ='PENERIMAAN OBAT PROGRAM'!G63 -> 0 | F68: =D68+E68 -> 0 | G68: =DISTRIBUSI!Z237 -> 0 | H68: =F68-G68 -> 0 | R68: 0 | S68: =H68-R68 -> 0
A69: 56 | E69: ='PENERIMAAN OBAT PROGRAM'!G64 -> 0 | F69: =D69+E69 -> 0 | G69: =DISTRIBUSI!Z238 -> 0 | H69: =F69-G69 -> 0 | R69: 0 | S69: =H69-R69 -> 0
A70: 57 | E70: ='PENERIMAAN OBAT PROGRAM'!G65 -> 0 | F70: =D70+E70 -> 0 | G70: =DISTRIBUSI!Z239 -> 0 | H70: =F70-G70 -> 0 | R70: 0 | S70: =H70-R70 -> 0 | AO70: 14
A71: 58 | E71: ='PENERIMAAN OBAT PROGRAM'!G66 -> 0 | F71: =D71+E71 -> 0 | G71: =DISTRIBUSI!Z240 -> 0 | H71: =F71-G71 -> 0 | R71: 0 | S71: =H71-R71 -> 0 | AO71: 12
A72: 59 | B72: OBAT PROGRAM TB | S72: =H72-R72 -> 0 | AO72: 14
A73: 60 | B73: Box Kaca Slide | C73: Box | E73: ='PENERIMAAN OBAT PROGRAM'!G68 -> 0 | F73: =D73+E73 -> 0 | G73: =DISTRIBUSI!Z242 -> 0 | H73: =F73-G73 -> 0 | R73: 0 | S73: =H73-R73 -> 0 | AO73: 19
A74: 61 | B74: Cartridge Genexpert | C74: test | E74: ='PENERIMAAN OBAT PROGRAM'!G69 -> 0 | F74: =D74+E74 -> 0 | G74: =DISTRIBUSI!Z243 -> 0 | H74: =F74-G74 -> 0 | R74: 0 | S74: =H74-R74 -> 0 | AO74: 17
A75: 62 | B75: Etambutol 400 mg | C75: Tablet | E75: ='PENERIMAAN OBAT PROGRAM'!G70 -> 0 | F75: =D75+E75 -> 0 | G75: =DISTRIBUSI!Z244 -> 0 | H75: =F75-G75 -> 0 | R75: 0 | S75: =H75-R75 -> 0 | AO75: 13
A76: 63 | B76: Isoniazid 100 mg | C76: Tablet | E76: ='PENERIMAAN OBAT PROGRAM'!G71 -> 0 | F76: =D76+E76 -> 0 | G76: =DISTRIBUSI!Z245 -> 0 | H76: =F76-G76 -> 0 | R76: 0 | S76: =H76-R76 -> 0 | AO76: 19
A77: 64 | B77: Isoniazid 300 mg | C77: Tablet | E77: ='PENERIMAAN OBAT PROGRAM'!G72 -> 0 | F77: =D77+E77 -> 0 | G77: =DISTRIBUSI!Z246 -> 0 | H77: =F77-G77 -> 0 | R77: 0 | S77: =H77-R77 -> 0 | AO77: 13
A78: 65 | B78: Kaca Slide | C78: Box | E78: ='PENERIMAAN OBAT PROGRAM'!G73 -> 0 | F78: =D78+E78 -> 0 | G78: =DISTRIBUSI!Z247 -> 0 | H78: =F78-G78 -> 0 | R78: 0 | S78: =H78-R78 -> 0 | AO78: 17
A79: 66 | B79: Masker Bedah | C79: Box | E79: ='PENERIMAAN OBAT PROGRAM'!G74 -> 0 | F79: =D79+E79 -> 0 | G79: =DISTRIBUSI!Z248 -> 0 | H79: =F79-G79 -> 0 | R79: 0 | S79: =H79-R79 -> 0 | AO79: 11
A80: 67 | B80: Masker Hijab | C80: Box | E80: ='PENERIMAAN OBAT PROGRAM'!G75 -> 0 | F80: =D80+E80 -> 0 | G80: =DISTRIBUSI!Z249 -> 0 | H80: =F80-G80 -> 0 | R80: 0 | S80: =H80-R80 -> 0 | AO80: 13
A81: 68 | B81: Masker N95 | C81: Box | E81: ='PENERIMAAN OBAT PROGRAM'!G76 -> 0 | F81: =D81+E81 -> 0 | G81: =DISTRIBUSI!Z250 -> 0 | H81: =F81-G81 -> 0 | R81: 0 | S81: =H81-R81 -> 0 | AO81: 28
A82: 69 | B82: OAT Kategori Anak | C82: Paket | E82: ='PENERIMAAN OBAT PROGRAM'!G77 -> 0 | F82: =D82+E82 -> 0 | G82: =DISTRIBUSI!Z251 -> 0 | H82: =F82-G82 -> 0 | R82: 0 | S82: =H82-R82 -> 0 | AO82: 18
A83: 70 | B83: OAT KDT Harian | C83: Paket | E83: ='PENERIMAAN OBAT PROGRAM'!G78 -> 0 | F83: =D83+E83 -> 0 | G83: =DISTRIBUSI!Z252 -> 0 | H83: =F83-G83 -> 0 | R83: 0 | S83: =H83-R83 -> 0 | AO83: 11
A84: 71 | B84: Pirazinamid 500 mg | C84: Tablet | E84: ='PENERIMAAN OBAT PROGRAM'!G79 -> 0 | F84: =D84+E84 -> 0 | G84: =DISTRIBUSI!Z253 -> 0 | H84: =F84-G84 -> 0 | R84: 0 | S84: =H84-R84 -> 0 | AO84: 5
... A86: 73 | B86: Reagen ZN | C86: Botol | E86: ='PENERIMAAN OBAT PROGRAM'!G81 -> 0 | F86: =D86+E86 -> 0 | G86: =DISTRIBUSI!Z255 -> 0 | H86: =F86-G86 -> 0 | R86: 0 | S86: =H86-R86 -> 0 | AO86: 4
A87: 74 | B87: Rifampicin 300 mg | C87: Kapsul | E87: ='PENERIMAAN OBAT PROGRAM'!G82 -> 0 | F87: =D87+E87 -> 0 | G87: =DISTRIBUSI!Z256 -> 0 | H87: =F87-G87 -> 0 | R87: 0 | S87: =H87-R87 -> 0
A88: 75 | B88: Rifampicin 75 mg / Isoniaside 50 | C88: Tablet | E88: ='PENERIMAAN OBAT PROGRAM'!G83 -> 0 | F88: =D88+E88 -> 0 | G88: =DISTRIBUSI!Z257 -> 0 | H88: =F88-G88 -> 0 | R88: 0 | S88: =H88-R88 -> 0
A89: 76 | B89: Rifapentin 150 mg/Lepasan | C89: Tablet | E89: ='PENERIMAAN OBAT PROGRAM'!G84 -> 0 | F89: =D89+E89 -> 0 | G89: =DISTRIBUSI!Z258 -> 0 | H89: =F89-G89 -> 0 | R89: 0 | S89: =H89-R89 -> 0 | AO89: 4
A90: 77 | B90: Rifapentin 300 mg /Isoniasid 300 mg | C90: Tablet | E90: ='PENERIMAAN OBAT PROGRAM'!G85 -> 0 | F90: =D90+E90 -> 0 | G90: =DISTRIBUSI!Z259 -> 0 | H90: =F90-G90 -> 0 | R90: 0 | S90: =H90-R90 -> 0 | AO90: 6
A91: 78 | B91: Tuberculin | C91: vial | E91: ='PENERIMAAN OBAT PROGRAM'!G86 -> 0 | F91: =D91+E91 -> 0 | G91: =DISTRIBUSI!Z260 -> 0 | H91: =F91-G91 -> 0 | R91: 6 | S91: =H91-R91 -> -6
A92: 79 | B92: Kombipak Kat 1 | C92: Paket | E92: ='PENERIMAAN OBAT PROGRAM'!G87 -> 0 | F92: =D92+E92 -> 0 | G92: =DISTRIBUSI!Z261 -> 0 | H92: =F92-G92 -> 0 | R92: 0 | S92: =H92-R92 -> 0
A93: 80 | B93: Cartridge Genexpert XDR | C93: Test | E93: ='PENERIMAAN OBAT PROGRAM'!G88 -> 0 | F93: =D93+E93 -> 0 | G93: =DISTRIBUSI!Z262 -> 0 | H93: =F93-G93 -> 0 | R93: 0 | S93: =H93-R93 -> 0
A94: 81 | E94: ='PENERIMAAN OBAT PROGRAM'!G89 -> 0 | F94: =D94+E94 -> 0 | G94: =DISTRIBUSI!Z263 -> 0 | H94: =F94-G94 -> 0 | R94: 0 | S94: =H94-R94 -> 0
A95: 82 | E95: ='PENERIMAAN OBAT PROGRAM'!G90 -> 0 | F95: =D95+E95 -> 0 | G95: =DISTRIBUSI!Z264 -> 0 | H95: =F95-G95 -> 0 | R95: 0 | S95: =H95-R95 -> 0
A96: 83 | E96: ='PENERIMAAN OBAT PROGRAM'!G91 -> 0 | F96: =D96+E96 -> 0 | G96: =DISTRIBUSI!Z265 -> 0 | H96: =F96-G96 -> 0 | R96: 0 | S96: =H96-R96 -> 0
A97: 84 | B97: OBAT PROGRAM DIARE | S97: =H97-R97 -> 0
A98: 85 | B98: Garam oralit | C98: Sacshet | D98: 75 | E98: ='PENERIMAAN OBAT PROGRAM'!G93 -> 200 | F98: =D98+E98 -> 275 | G98: =DISTRIBUSI!Z267 -> 100 | H98: =F98-G98 -> 175 | R98: 50 | S98: =H98-R98 -> 125
A99: 86 | B99: Metronidazole Infus | C99: Botol | E99: ='PENERIMAAN OBAT PROGRAM'!G94 -> 0 | F99: =D99+E99 -> 0 | G99: =DISTRIBUSI!Z268 -> 0 | H99: =F99-G99 -> 0 | R99: 0 | S99: =H99-R99 -> 0
A100: 87 | B100: Zinc tablet | C100: tablet | D100: 600 | E100: ='PENERIMAAN OBAT PROGRAM'!G95 -> 0 | F100: =D100+E100 -> 600 | G100: =DISTRIBUSI!Z269 -> 0 | H100: =F100-G100 -> 600 | R100: 0 | S100: =H100-R100 -> 600
A101: 88 | E101: ='PENERIMAAN OBAT PROGRAM'!G96 -> 0 | F101: =D101+E101 -> 0 | G101: =DISTRIBUSI!Z270 -> 0 | H101: =F101-G101 -> 0 | R101: 0 | S101: =H101-R101 -> 0
A102: 89 | E102: ='PENERIMAAN OBAT PROGRAM'!G97 -> 0 | F102: =D102+E102 -> 0 | G102: =DISTRIBUSI!Z271 -> 0 | H102: =F102-G102 -> 0 | R102: 0 | S102: =H102-R102 -> 0
...

Sheet PEMAKAIAN UNIT
A1: LAPORAN PENGELUARAN OBAT PUSTU DAN UNIT PELAYANAN LAINNYA
A2: UPT PUSKESMAS SUKAMAJU
A3: TAHUN 2026
D5: acc | E5: acc | G5: acc | I5: acc | J5: acc | K5: acc | L5: acc | P5: Bulan | Q5: ='LPLPO GUDANG'!M9 -> : FEBRUARI
A6: NO | B6: Nama Obat | C6: SATUAN | D6: SAPTA MARGA | E6: SALULEMO | F6: KALUKU | G6: TAMBOKE | H6: MINANGA TALLU | I6: LAMPUAWA | J6: T. INDAH | K6: T.SARI | L6: MULYASARI | M6: KETULUNGAN | N6: WONOSARI | O6: TOLANGI | P6: SUKADAMAI | Q6: PONGKASE | R6: APOTIK | S6: UGD | T6: APOTIK 2 | U6: RI | V6: RB | W6: POLI | X6: LAB | Y6: LAIN-LAIN | Z6: JUMLAH
A8: 1 | B8: 2 | C8: 3 | D8: 4 | E8: 5 | F8: 6 | G8: 7 | H8: 8 | I8: 9 | J8: 10 | K8: 11 | L8: 12 | M8: 13 | N8: 14 | O8: 15 | P8: 16 | Q8: 17 | R8: 18 | S8: 19 | T8: 20 | U8: 21 | V8: 22 | W8: 23 | X8: 24 | Y8: 25 | Z8: 26
A9: 1 | B9: Air untuk injeksi amp 25 ml | C9: Ampul | R9: =APOTIK!G8 -> 0 | S9: =DISTRIBUSI!S10 -> 0 | U9: =DISTRIBUSI!U10 -> 0 | V9: =DISTRIBUSI!V10 -> 0 | W9: =DISTRIBUSI!W10 -> 0 | X9: =DISTRIBUSI!X10 -> 0 | Y9: =DISTRIBUSI!Y10 -> 0 | Z9: =SUM(D9:Y9) -> 0
A10: =A9+1 -> 2 | B10: Alopurinol tab 300 mg | C10: Ktk @ 100 tablet | R10: =APOTIK!G9 -> 0 | S10: =DISTRIBUSI!S11 -> 0 | U10: =DISTRIBUSI!U11 -> 0 | V10: =DISTRIBUSI!V11 -> 0 | W10: =DISTRIBUSI!W11 -> 0 | X10: =DISTRIBUSI!X11 -> 0 | Y10: =DISTRIBUSI!Y11 -> 0 | Z10: =SUM(D10:Y10) -> 0
A11: =A10+1 -> 3 | B11: Ambroxol Sirup | C11: Botol | R11: =APOTIK!G10 -> 0 | S11: =DISTRIBUSI!S12 -> 0 | U11: =DISTRIBUSI!U12 -> 0 | V11: =DISTRIBUSI!V12 -> 0 | W11: =DISTRIBUSI!W12 -> 0 | X11: =DISTRIBUSI!X12 -> 0 | Y11: =DISTRIBUSI!Y12 -> 0 | Z11: =SUM(D11:Y11) -> 0
A12: =A11+1 -> 4 | B12: Amlodipin tab 5 mg | C12: Ktk 50 Tablet | R12: =APOTIK!G11 -> 0 | S12: =DISTRIBUSI!S13 -> 0 | U12: =DISTRIBUSI!U13 -> 0 | V12: =DISTRIBUSI!V13 -> 0 | W12: =DISTRIBUSI!W13 -> 0 | X12: =DISTRIBUSI!X13 -> 0 | Y12: =DISTRIBUSI!Y13 -> 0 | Z12: =SUM(D12:Y12) -> 0
A13: =A12+1 -> 5 | B13: Amlodipin Tablet 10 mg | C13: Tablet | R13: =APOTIK!G12 -> 0 | S13: =DISTRIBUSI!S14 -> 0 | U13: =DISTRIBUSI!U14 -> 0 | V13: =DISTRIBUSI!V14 -> 0 | W13: =DISTRIBUSI!W14 -> 0 | X13: =DISTRIBUSI!X14 -> 0 | Y13: =DISTRIBUSI!Y14 -> 0 | Z13: =SUM(D13:Y13) -> 0
A14: =A13+1 -> 6 | B14: Amoksisilin sirup kering 125 mg/5 ml | C14: Botol | R14: =APOTIK!G13 -> 0 | S14: =DISTRIBUSI!S15 -> 0 | U14: =DISTRIBUSI!U15 -> 0 | V14: =DISTRIBUSI!V15 -> 0 | W14: =DISTRIBUSI!W15 -> 0 | X14: =DISTRIBUSI!X15 -> 0 | Y14: =DISTRIBUSI!Y15 -> 0 | Z14: =SUM(D14:Y14) -> 0
A15: =A14+1 -> 7 | B15: Amoksisilin tab 500 mg | C15: Ktk @100 kaplet | R15: =APOTIK!G14 -> 0 | S15: =DISTRIBUSI!S16 -> 0 | U15: =DISTRIBUSI!U16 -> 0 | V15: =DISTRIBUSI!V16 -> 0 | W15: =DISTRIBUSI!W16 -> 0 | X15: =DISTRIBUSI!X16 -> 0 | Y15: =DISTRIBUSI!Y16 -> 0 | Z15: =SUM(D15:Y15) -> 0
A16: =A15+1 -> 8 | B16: Anestetik lokal gigi kombinasi : lidokain hcl 2% + epinefrin 1 : 80.000 inj 2 ml | C16: Ampul | R16: =APOTIK!G15 -> 0 | S16: =DISTRIBUSI!S17 -> 0 | U16: =DISTRIBUSI!U17 -> 0 | V16: =DISTRIBUSI!V17 -> 15 | W16: =DISTRIBUSI!W17 -> 50 | X16: =DISTRIBUSI!X17 -> 0 | Y16: =DISTRIBUSI!Y17 -> 0 | Z16: =SUM(D16:Y16) -> 65
A17: =A16+1 -> 9 | B17: Antasida, kombinasi : aluminium hidroksida 200 mg + magnesium hidroksida 200 mg | C17: Btl 60 ml | R17: =APOTIK!G16 -> 0 | S17: =DISTRIBUSI!S18 -> 0 | U17: =DISTRIBUSI!U18 -> 0 | V17: =DISTRIBUSI!V18 -> 0 | W17: =DISTRIBUSI!W18 -> 0 | X17: =DISTRIBUSI!X18 -> 0 | Y17: =DISTRIBUSI!Y18 -> 0 | Z17: =SUM(D17:Y17) -> 0
A18: =A17+1 -> 10 | B18: Antasida, kombinasi : aluminium hidroksida 200 mg + magnesium hidroksida 200 mg | C18: Ktk @ 100 tablet | R18: =APOTIK!G17 -> 0 | S18: =DISTRIBUSI!S19 -> 0 | U18: =DISTRIBUSI!U19 -> 0 | V18: =DISTRIBUSI!V19 -> 0 | W18: =DISTRIBUSI!W19 -> 0 | X18: =DISTRIBUSI!X19 -> 0 | Y18: =DISTRIBUSI!Y19 -> 0 | Z18: =SUM(D18:Y18) -> 0
A19: =A18+1 -> 11 | B19: Anti Tetanus Serum ( ATS ) 1500 IU | C19: Ampul | R19: =APOTIK!G18 -> 0 | S19: =DISTRIBUSI!S20 -> 0 | U19: =DISTRIBUSI!U20 -> 0 | V19: =DISTRIBUSI!V20 -> 0 | W19: =DISTRIBUSI!W20 -> 0 | X19: =DISTRIBUSI!X20 -> 0 | Y19: =DISTRIBUSI!Y20 -> 0 | Z19: =SUM(D19:Y19) -> 0
A20: =A19+1 -> 12 | B20: Antihemoroid, kombinasi: bismut subgalat 150 mg + heksaklorofen 2,5 mg + lidokain lidokain 10 mg+ seng oksida 120 mg + sup ad 2 g | C20: Suppositoria | R20: =APOTIK!G19 -> 0 | S20: =DISTRIBUSI!S21 -> 0 | U20: =DISTRIBUSI!U21 -> 0 | V20: =DISTRIBUSI!V21 -> 0 | W20: =DISTRIBUSI!W21 -> 0 | X20: =DISTRIBUSI!X21 -> 0 | Y20: =DISTRIBUSI!Y21 -> 0 | Z20: =SUM(D20:Y20) -> 0
A21: =A20+1 -> 13 | B21: Asam asetilsalisilat tab 80 mg (Miniaspi) | C21: Ktk @ 100 tablet | R21: =APOTIK!G20 -> 0 | S21: =DISTRIBUSI!S22 -> 0 | U21: =DISTRIBUSI!U22 -> 0 | V21: =DISTRIBUSI!V22 -> 0 | W21: =DISTRIBUSI!W22 -> 0 | X21: =DISTRIBUSI!X22 -> 0 | Y21: =DISTRIBUSI!Y22 -> 0 | Z21: =SUM(D21:Y21) -> 0
... A28: =A27+1 -> 20 | B28: Atapulgit ( New Antides ) tab 600 mg | C28: Ktk 150 Tablet | R28: =APOTIK!G27 -> 0 | S28: =DISTRIBUSI!S29 -> 0 | U28: =DISTRIBUSI!U29 -> 0 | V28: =DISTRIBUSI!V29 -> 0 | W28: =DISTRIBUSI!W29 -> 0 | X28: =DISTRIBUSI!X29 -> 0 | Y28: =DISTRIBUSI!Y29 -> 0 | Z28: =SUM(D28:Y28) -> 0
A29: =A28+1 -> 21 | B29: Atorvastatin tab 20 mg | R29: =APOTIK!G28 -> 0 | S29: =DISTRIBUSI!S30 -> 0 | U29: =DISTRIBUSI!U30 -> 0 | V29: =DISTRIBUSI!V30 -> 0 | W29: =DISTRIBUSI!W30 -> 0 | X29: =DISTRIBUSI!X30 -> 0 | Y29: =DISTRIBUSI!Y30 -> 0 | Z29: =SUM(D29:Y29) -> 0
A30: =A29+1 -> 22 | B30: Atropin inj 0,25 mg/ml (i.m./i.v./s.k) | C30: Ampul | R30: =APOTIK!G29 -> 0 | S30: =DISTRIBUSI!S31 -> 0 | U30: =DISTRIBUSI!U31 -> 0 | V30: =DISTRIBUSI!V31 -> 0 | W30: =DISTRIBUSI!W31 -> 0 | X30: =DISTRIBUSI!X31 -> 0 | Y30: =DISTRIBUSI!Y31 -> 0 | Z30: =SUM(D30:Y30) -> 0
A31: =A30+1 -> 23 | B31: Bedak Salicyl 2 % 60 gr | C31: Pot | R31: =APOTIK!G30 -> 0 | S31: =DISTRIBUSI!S32 -> 0 | U31: =DISTRIBUSI!U32 -> 0 | V31: =DISTRIBUSI!V32 -> 0 | W31: =DISTRIBUSI!W32 -> 0 | X31: =DISTRIBUSI!X32 -> 0 | Y31: =DISTRIBUSI!Y32 -> 0 | Z31: =SUM(D31:Y31) -> 0
A32: =A31+1 -> 24 | B32: Betahistin Mesilat tab 6 mg | C32: Ktk 10 x 10 tablet | R32: =APOTIK!G31 -> 0 | S32: =DISTRIBUSI!S33 -> 0 | U32: =DISTRIBUSI!U33 -> 0 | V32: =DISTRIBUSI!V33 -> 0 | W32: =DISTRIBUSI!W33 -> 0 | X32: =DISTRIBUSI!X33 -> 0 | Y32: =DISTRIBUSI!Y33 -> 0 | Z32: =SUM(D32:Y32) -> 0
A33: =A32+1 -> 25 | B33: Betametason krim 0,1% | C33: tube @ 5 gram | R33: =APOTIK!G32 -> 0 | S33: =DISTRIBUSI!S34 -> 5 | U33: =DISTRIBUSI!U34 -> 0 | V33: =DISTRIBUSI!V34 -> 0 | W33: =DISTRIBUSI!W34 -> 0 | X33: =DISTRIBUSI!X34 -> 0 | Y33: =DISTRIBUSI!Y34 -> 0 | Z33: =SUM(D33:Y33) -> 5
A34: =A33+1 -> 26 | B34: Bisakodil sup 10 mg ( Dulcolax ) | C34: Suppositoria | R34: =APOTIK!G33 -> 0 | S34: =DISTRIBUSI!S35 -> 0 | U34: =DISTRIBUSI!U35 -> 0 | V34: =DISTRIBUSI!V35 -> 0 | W34: =DISTRIBUSI!W35 -> 0 | X34: =DISTRIBUSI!X35 -> 0 | Y34: =DISTRIBUSI!Y35 -> 0 | Z34: =SUM(D34:Y34) -> 0
A35: =A34+1 -> 27 | B35: Bisakodil sup 5 mg ( Dulcolax ) | C35: Suppositoria | R35: =APOTIK!G34 -> 0 | S35: =DISTRIBUSI!S36 -> 0 | U35: =DISTRIBUSI!U36 -> 0 | V35: =DISTRIBUSI!V36 -> 0 | W35: =DISTRIBUSI!W36 -> 0 | X35: =DISTRIBUSI!X36 -> 0 | Y35: =DISTRIBUSI!Y36 -> 0 | Z35: =SUM(D35:Y35) -> 0
A36: =A35+1 -> 28 | B36: Colcitin 0.5 gr | C36: Ktk 30 tab | R36: =APOTIK!G35 -> 0 | S36: =DISTRIBUSI!S37 -> 0 | U36: =DISTRIBUSI!U37 -> 0 | V36: =DISTRIBUSI!V37 -> 0 | W36: =DISTRIBUSI!W37 -> 0 | X36: =DISTRIBUSI!X37 -> 0 | Y36: =DISTRIBUSI!Y37 -> 0 | Z36: =SUM(D36:Y36) -> 0
A37: =A36+1 -> 29 | B37: Deksametason tab 0,5 mg | C37: Ktk @ 100 tablet | R37: =APOTIK!G36 -> 0 | S37: =DISTRIBUSI!S38 -> 0 | U37: =DISTRIBUSI!U38 -> 0 | V37: =DISTRIBUSI!V38 -> 0 | W37: =DISTRIBUSI!W38 -> 0 | X37: =DISTRIBUSI!X38 -> 0 | Y37: =DISTRIBUSI!Y38 -> 0 | Z37: =SUM(D37:Y37) -> 0
A38: =A37+1 -> 30 | B38: Deksametason inj 5 mg/ml (i.v./i.m.) | C38: Ampul | R38: =APOTIK!G37 -> 0 | S38: =DISTRIBUSI!S39 -> 0 | U38: =DISTRIBUSI!U39 -> 0 | V38: =DISTRIBUSI!V39 -> 0 | W38: =DISTRIBUSI!W39 -> 0 | X38: =DISTRIBUSI!X39 -> 0 | Y38: =DISTRIBUSI!Y39 -> 0 | Z38: =SUM(D38:Y38) -> 0
A39: =A38+1 -> 31 | B39: Dextrose 40% | C39: Botol | R39: =APOTIK!G38 -> 0 | S39: =DISTRIBUSI!S40 -> 0 | U39: =DISTRIBUSI!U40 -> 0 | V39: =DISTRIBUSI!V40 -> 0 | W39: =DISTRIBUSI!W40 -> 0 | X39: =DISTRIBUSI!X40 -> 0 | Y39: =DISTRIBUSI!Y40 -> 0 | Z39: =SUM(D39:Y39) -> 0
A40: =A39+1 -> 32 | B40: Diazepam inj 10 mg/ 2 ml ( i v./i.m .) stesolid | C40: Ampul @ 2 ml | R40: =APOTIK!G39 -> 0 | S40: =DISTRIBUSI!S41 -> 0 | U40: =DISTRIBUSI!U41 -> 0 | V40: =DISTRIBUSI!V41 -> 0 | W40: =DISTRIBUSI!W41 -> 0 | X40: =DISTRIBUSI!X41 -> 0 | Y40: =DISTRIBUSI!Y41 -> 0 | Z40: =SUM(D40:Y40) -> 0
A41: =A40+1 -> 33 | B41: Diazepam lar rektal 5 mg/2,5 ml ( Stesolid ) | C41: Tube 5 mg/2,5 ml | R41: =APOTIK!G40 -> 0 | S41: =DISTRIBUSI!S42 -> 0 | U41: =DISTRIBUSI!U42 -> 0 | V41: =DISTRIBUSI!V42 -> 0 | W41: =DISTRIBUSI!W42 -> 0 | X41: =DISTRIBUSI!X42 -> 0 | Y41: =DISTRIBUSI!Y42 -> 0 | Z41: =SUM(D41:Y41) -> 0
... A113: =A112+1 -> 105 | B113: Ringer Laktat Larutan | C113: Botol @ 500 ml | R113: =APOTIK!G112 -> 0 | S113: =DISTRIBUSI!S114 -> 20 | U113: =DISTRIBUSI!U114 -> 0 | V113: =DISTRIBUSI!V114 -> 20 | W113: =DISTRIBUSI!W114 -> 0 | X113: =DISTRIBUSI!X114 -> 0 | Y113: =DISTRIBUSI!Y114 -> 0 | Z113: =SUM(D113:Y113) -> 40
A114: =A113+1 -> 106 | B114: Resperidone tab | R114: =APOTIK!G113 -> 0 | S114: =DISTRIBUSI!S115 -> 0 | U114: =DISTRIBUSI!U115 -> 0 | V114: =DISTRIBUSI!V115 -> 0 | W114: =DISTRIBUSI!W115 -> 0 | X114: =DISTRIBUSI!X115 -> 0 | Y114: =DISTRIBUSI!Y115 -> 0 | Z114: =SUM(D114:Y114) -> 0
A115: =A114+1 -> 107 | B115: Salbutamol nebules vial 2,5 mg (Meprovent) | C115: Ampul | R115: =APOTIK!G114 -> 0 | S115: =DISTRIBUSI!S116 -> 10 | U115: =DISTRIBUSI!U116 -> 0 | V115: =DISTRIBUSI!V116 -> 0 | W115: =DISTRIBUSI!W116 -> 0 | X115: =DISTRIBUSI!X116 -> 0 | Y115: =DISTRIBUSI!Y116 -> 0 | Z115: =SUM(D115:Y115) -> 10
A116: =A115+1 -> 108 | B116: Salbutamol tab 4 mg | C116: Ktk @ 100 tablet | R116: =APOTIK!G115 -> 0 | S116: =DISTRIBUSI!S117 -> 0 | U116: =DISTRIBUSI!U117 -> 0 | V116: =DISTRIBUSI!V117 -> 0 | W116: =DISTRIBUSI!W117 -> 0 | X116: =DISTRIBUSI!X117 -> 0 | Y116: =DISTRIBUSI!Y117 -> 0 | Z116: =SUM(D116:Y116) -> 0
A117: =A116+1 -> 109 | B117: Salep 2-4, kombinasi : asam salisilat 2 %+ belerang endap 4 % | C117: pot @ 30 gram | R117: =APOTIK!G116 -> 0 | S117: =DISTRIBUSI!S118 -> 0 | U117: =DISTRIBUSI!U118 -> 0 | V117: =DISTRIBUSI!V118 -> 0 | W117: =DISTRIBUSI!W118 -> 0 | X117: =DISTRIBUSI!X118 -> 0 | Y117: =DISTRIBUSI!Y118 -> 0 | Z117: =SUM(D117:Y117) -> 0
A118: =A117+1 -> 110 | B118: Sefadroksil kapsul 500 mg | C118: Ktk @ 100 tablet | R118: =APOTIK!G117 -> 0 | S118: =DISTRIBUSI!S119 -> 0 | U118: =DISTRIBUSI!U119 -> 0 | V118: =DISTRIBUSI!V119 -> 0 | W118: =DISTRIBUSI!W119 -> 0 | X118: =DISTRIBUSI!X119 -> 0 | Y118: =DISTRIBUSI!Y119 -> 0 | Z118: =SUM(D118:Y118) -> 0
A119: =A118+1 -> 111 | B119: Sefotaksim serb inj 1.000 mg/vial | C119: Vial | R119: =APOTIK!G118 -> 0 | S119: =DISTRIBUSI!S120 -> 0 | U119: =DISTRIBUSI!U120 -> 0 | V119: =DISTRIBUSI!V120 -> 0 | W119: =DISTRIBUSI!W120 -> 0 | X119: =DISTRIBUSI!X120 -> 0 | Y119: =DISTRIBUSI!Y120 -> 0 | Z119: =SUM(D119:Y119) -> 0
A120: =A119+1 -> 112 | B120: Setirisin sirup | C120: Botol | R120: =APOTIK!G119 -> 0 | S120: =DISTRIBUSI!S121 -> 0 | U120: =DISTRIBUSI!U121 -> 0 | V120: =DISTRIBUSI!V121 -> 0 | W120: =DISTRIBUSI!W121 -> 0 | X120: =DISTRIBUSI!X121 -> 0 | Y120: =DISTRIBUSI!Y121 -> 0 | Z120: =SUM(D120:Y120) -> 0
A121: =A120+1 -> 113 | B121: Setirisin Tablet | C121: Ktk @ 100 tablet | R121: =APOTIK!G120 -> 0 | S121: =DISTRIBUSI!S122 -> 0 | U121: =DISTRIBUSI!U122 -> 0 | V121: =DISTRIBUSI!V122 -> 0 | W121: =DISTRIBUSI!W122 -> 0 | X121: =DISTRIBUSI!X122 -> 0 | Y121: =DISTRIBUSI!Y122 -> 0 | Z121: =SUM(D121:Y121) -> 0
A122: =A121+1 -> 114 | B122: Sianokobalamin (vitamin B12) inj 500 mcg/ml | C122: Ampul | R122: =APOTIK!G121 -> 0 | S122: =DISTRIBUSI!S123 -> 0 | U122: =DISTRIBUSI!U123 -> 0 | V122: =DISTRIBUSI!V123 -> 0 | W122: =DISTRIBUSI!W123 -> 0 | X122: =DISTRIBUSI!X123 -> 0 | Y122: =DISTRIBUSI!Y123 -> 0 | Z122: =SUM(D122:Y122) -> 0
A123: =A122+1 -> 115 | B123: Sianokobalamin (vitamin B12) tab 50 mcg | C123: Ktk @ 100 tablet | R123: =APOTIK!G122 -> 0 | S123: =DISTRIBUSI!S124 -> 0 | U123: =DISTRIBUSI!U124 -> 0 | V123: =DISTRIBUSI!V124 -> 0 | W123: =DISTRIBUSI!W124 -> 0 | X123: =DISTRIBUSI!X124 -> 0 | Y123: =DISTRIBUSI!Y124 -> 0 | Z123: =SUM(D123:Y123) -> 0
A124: =A123+1 -> 116 | B124: Siprofloksasin tab scored 500 mg | C124: Ktk @ 100 tablet | R124: =APOTIK!G123 -> 0 | S124: =DISTRIBUSI!S125 -> 0 | U124: =DISTRIBUSI!U125 -> 0 | V124: =DISTRIBUSI!V125 -> 0 | W124: =DISTRIBUSI!W125 -> 0 | X124: =DISTRIBUSI!X125 -> 0 | Y124: =DISTRIBUSI!Y125 -> 0 | Z124: =SUM(D124:Y124) -> 0
A125: =A124+1 -> 117 | B125: Susu SGM Gain Optigrow | R125: =APOTIK!G124 -> 0 | S125: =DISTRIBUSI!S126 -> 0 | U125: =DISTRIBUSI!U126 -> 0 | V125: =DISTRIBUSI!V126 -> 0 | W125: =DISTRIBUSI!W126 -> 0 | X125: =DISTRIBUSI!X126 -> 0 | Y125: =DISTRIBUSI!Y126 -> 0 | Z125: =SUM(D125:Y125) -> 0
A126: =A125+1 -> 118 | B126: Tiamin (vitamin B1) tab 50 mg | C126: Ktk @ 100 tablet | R126: =APOTIK!G125 -> 0 | S126: =DISTRIBUSI!S127 -> 0 | U126: =DISTRIBUSI!U127 -> 0 | V126: =DISTRIBUSI!V127 -> 0 | W126: =DISTRIBUSI!W127 -> 0 | X126: =DISTRIBUSI!X127 -> 0 | Y126: =DISTRIBUSI!Y127 -> 0 | Z126: =SUM(D126:Y126) -> 0
A127: =A126+1 -> 119 | B127: Triheksifenidil Tablet 2 mg | C127: Ktk 10 x 10 Tab | R127: =APOTIK!G126 -> 0 | S127: =DISTRIBUSI!S128 -> 0 | U127: =DISTRIBUSI!U128 -> 0 | V127: =DISTRIBUSI!V128 -> 0 | W127: =DISTRIBUSI!W128 -> 0 | X127: =DISTRIBUSI!X128 -> 0 | Y127: =DISTRIBUSI!Y128 -> 0 | Z127: =SUM(D127:Y127) -> 0
A128: =A127+1 -> 120 | B128: Vitamin B kompleks tablet | C128: Ktk @ 100 tablet | R128: =APOTIK!G127 -> 0 | S128: =DISTRIBUSI!S129 -> 0 | U128: =DISTRIBUSI!U129 -> 0 | V128: =DISTRIBUSI!V129 -> 0 | W128: =DISTRIBUSI!W129 -> 0 | X128: =DISTRIBUSI!X129 -> 0 | Y128: =DISTRIBUSI!Y129 -> 0 | Z128: =SUM(D128:Y128) -> 0
A129: =A128+1 -> 121 | B129: Zinc tab disp 20 mg | C129: Ktk @ 100 tablet | R129: =APOTIK!G128 -> 0 | S129: =DISTRIBUSI!S130 -> 0 | U129: =DISTRIBUSI!U130 -> 0 | V129: =DISTRIBUSI!V130 -> 0 | W129: =DISTRIBUSI!W130 -> 0 | X129: =DISTRIBUSI!X130 -> 0 | Y129: =DISTRIBUSI!Y130 -> 0 | Z129: =SUM(D129:Y129) -> 0
A130: =A129+1 -> 122 | B130: Zinc sirup | C130: Botol | R130: =APOTIK!G129 -> 0 | S130: =DISTRIBUSI!S131 -> 0 | U130: =DISTRIBUSI!U131 -> 0 | V130: =DISTRIBUSI!V131 -> 0 | W130: =DISTRIBUSI!W131 -> 0 | X130: =DISTRIBUSI!X131 -> 0 | Y130: =DISTRIBUSI!Y131 -> 0 | Z130: =SUM(D130:Y130) -> 0
A131: =A130+1 -> 123 | B131: Alat suntik sekali pakai 1 ml | C131: Pcs | R131: =APOTIK!G130 -> 0 | S131: =DISTRIBUSI!S132 -> 0 | U131: =DISTRIBUSI!U132 -> 0 | V131: =DISTRIBUSI!V132 -> 20 | W131: =DISTRIBUSI!W132 -> 0 | X131: =DISTRIBUSI!X132 -> 0 | Y131: =DISTRIBUSI!Y132 -> 0 | Z131: =SUM(D131:Y131) -> 20
A132: =A131+1 -> 124 | B132: Alat suntik sekali pakai 1 ml | C132: Pcs | R132: =APOTIK!G131 -> 0 | S132: =DISTRIBUSI!S133 -> 0 | U132: =DISTRIBUSI!U133 -> 0 | V132: =DISTRIBUSI!V133 -> 0 | W132: =DISTRIBUSI!W133 -> 0 | X132: =DISTRIBUSI!X133 -> 0 | Y132: =DISTRIBUSI!Y133 -> 0 | Z132: =SUM(D132:Y132) -> 0
A133: =A132+1 -> 125 | B133: Alat suntik sekali pakai 10 ml | C133: Pcs | R133: =APOTIK!G132 -> 0 | S133: =DISTRIBUSI!S134 -> 0 | U133: =DISTRIBUSI!U134 -> 15 | V133: =DISTRIBUSI!V134 -> 0 | W133: =DISTRIBUSI!W134 -> 0 | X133: =DISTRIBUSI!X134 -> 0 | Y133: =DISTRIBUSI!Y134 -> 0 | Z133: =SUM(D133:Y133) -> 15
A134: =A133+1 -> 126 | B134: Alat suntik sekali pakai 3 ml | C134: Pcs | R134: =APOTIK!G133 -> 0 | S134: =DISTRIBUSI!S135 -> 0 | U134: =DISTRIBUSI!U135 -> 100 | V134: =DISTRIBUSI!V135 -> 20 | W134: =DISTRIBUSI!W135 -> 0 | X134: =DISTRIBUSI!X135 -> 0 | Y134: =DISTRIBUSI!Y135 -> 0 | Z134: =SUM(D134:Y134) -> 120
A135: =A134+1 -> 127 | B135: Alat suntik sekali pakai 3 ml | C135: Pcs | R135: =APOTIK!G134 -> 0 | S135: =DISTRIBUSI!S136 -> 0 | U135: =DISTRIBUSI!U136 -> 0 | V135: =DISTRIBUSI!V136 -> 0 | W135: =DISTRIBUSI!W136 -> 0 | X135: =DISTRIBUSI!X136 -> 0 | Y135: =DISTRIBUSI!Y136 -> 0 | Z135: =SUM(D135:Y135) -> 0
A136: =A135+1 -> 128 | B136: Alat suntik sekali pakai 5 ml | C136: Pcs | R136: =APOTIK!G135 -> 0 | S136: =DISTRIBUSI!S137 -> 0 | U136: =DISTRIBUSI!U137 -> 10 | V136: =DISTRIBUSI!V137 -> 20 | W136: =DISTRIBUSI!W137 -> 0 | X136: =DISTRIBUSI!X137 -> 0 | Y136: =DISTRIBUSI!Y137 -> 0 | Z136: =SUM(D136:Y136) -> 30
A137: =A136+1 -> 129 | B137: Alkohol SWAB | C137: Pcs | R137: =APOTIK!G136 -> 0 | S137: =DISTRIBUSI!S138 -> 200 | U137: =DISTRIBUSI!U138 -> 0 | V137: =DISTRIBUSI!V138 -> 200 | W137: =DISTRIBUSI!W138 -> 0 | X137: =DISTRIBUSI!X138 -> 300 | Y137: =DISTRIBUSI!Y138 -> 300 | Z137: =SUM(D137:Y137) -> 1000
... A150: =A149+1 -> 142 | B150: IV Catheter No. 22 | C150: Pcs | R150: =APOTIK!G149 -> 0 | S150: =DISTRIBUSI!S151 -> 0 | U150: =DISTRIBUSI!U151 -> 0 | V150: =DISTRIBUSI!V151 -> 0 | W150: =DISTRIBUSI!W151 -> 0 | X150: =DISTRIBUSI!X151 -> 0 | Y150: =DISTRIBUSI!Y151 -> 0 | Z150: =SUM(D150:Y150) -> 0
A151: =A150+1 -> 143 | B151: IV Catheter No. 22 | R151: =APOTIK!G150 -> 0 | S151: =DISTRIBUSI!S152 -> 0 | U151: =DISTRIBUSI!U152 -> 0 | V151: =DISTRIBUSI!V152 -> 0 | W151: =DISTRIBUSI!W152 -> 0 | X151: =DISTRIBUSI!X152 -> 0 | Y151: =DISTRIBUSI!Y152 -> 0 | Z151: =SUM(D151:Y151) -> 0
A152: =A151+1 -> 144 | B152: IV Catheter No. 24 | C152: Pcs | R152: =APOTIK!G151 -> 0 | S152: =DISTRIBUSI!S153 -> 20 | U152: =DISTRIBUSI!U153 -> 0 | V152: =DISTRIBUSI!V153 -> 10 | W152: =DISTRIBUSI!W153 -> 0 | X152: =DISTRIBUSI!X153 -> 0 | Y152: =DISTRIBUSI!Y153 -> 0 | Z152: =SUM(D152:Y152) -> 30
A153: =A152+1 -> 145 | B153: IV Catheter No. 26 | C153: Pcs | R153: =APOTIK!G152 -> 0 | S153: =DISTRIBUSI!S154 -> 15 | U153: =DISTRIBUSI!U154 -> 0 | V153: =DISTRIBUSI!V154 -> 20 | W153: =DISTRIBUSI!W154 -> 0 | X153: =DISTRIBUSI!X154 -> 0 | Y153: =DISTRIBUSI!Y154 -> 0 | Z153: =SUM(D153:Y153) -> 35
A154: =A153+1 -> 146 | B154: Kapas Pembalut/absorben 250 mg | C154: Roll | R154: =APOTIK!G153 -> 0 | S154: =DISTRIBUSI!S155 -> 0 | U154: =DISTRIBUSI!U155 -> 0 | V154: =DISTRIBUSI!V155 -> 0 | W154: =DISTRIBUSI!W155 -> 1 | X154: =DISTRIBUSI!X155 -> 0 | Y154: =DISTRIBUSI!Y155 -> 0 | Z154: =SUM(D154:Y154) -> 1
A155: =A154+1 -> 147 | B155: Kasa Kompres Steril 16 x 16 | C155: Ktk | R155: =APOTIK!G154 -> 0 | S155: =DISTRIBUSI!S156 -> 30 | U155: =DISTRIBUSI!U156 -> 0 | V155: =DISTRIBUSI!V156 -> 0 | W155: =DISTRIBUSI!W156 -> 0 | X155: =DISTRIBUSI!X156 -> 0 | Y155: =DISTRIBUSI!Y156 -> 0 | Z155: =SUM(D155:Y155) -> 30
A156: =A155+1 -> 148 | B156: Kasa Pembalut 40 y x 80 cm | C156: Roll | R156: =APOTIK!G155 -> 0 | S156: =DISTRIBUSI!S157 -> 2 | U156: =DISTRIBUSI!U157 -> 0 | V156: =DISTRIBUSI!V157 -> 2 | W156: =DISTRIBUSI!W157 -> 1 | X156: =DISTRIBUSI!X157 -> 0 | Y156: =DISTRIBUSI!Y157 -> 0 | Z156: =SUM(D156:Y156) -> 5
A157: =A156+1 -> 149 | B157: Kasa Pembalut Hidrofil 4 m x 15 cm | C157: Roll | R157: =APOTIK!G156 -> 0 | S157: =DISTRIBUSI!S158 -> 0 | U157: =DISTRIBUSI!U158 -> 0 | V157: =DISTRIBUSI!V158 -> 0 | W157: =DISTRIBUSI!W158 -> 0 | X157: =DISTRIBUSI!X158 -> 0 | Y157: =DISTRIBUSI!Y158 -> 0 | Z157: =SUM(D157:Y157) -> 0
A158: =A157+1 -> 150 | B158: Lisol, mengandung kresol tersabun 50% | C158: btl 1000 ml | R158: =APOTIK!G157 -> 0 | S158: =DISTRIBUSI!S159 -> 0 | U158: =DISTRIBUSI!U159 -> 0 | V158: =DISTRIBUSI!V159 -> 0 | W158: =DISTRIBUSI!W159 -> 0 | X158: =DISTRIBUSI!X159 -> 0 | Y158: =DISTRIBUSI!Y159 -> 0 | Z158: =SUM(D158:Y158) -> 0
A159: =A158+1 -> 151 | B159: Masker Nebulizer Set Anak | C159: set | R159: =APOTIK!G158 -> 0 | S159: =DISTRIBUSI!S160 -> 0 | U159: =DISTRIBUSI!U160 -> 0 | V159: =DISTRIBUSI!V160 -> 0 | W159: =DISTRIBUSI!W160 -> 0 | X159: =DISTRIBUSI!X160 -> 0 | Y159: =DISTRIBUSI!Y160 -> 0 | Z159: =SUM(D159:Y159) -> 0
A160: =A159+1 -> 152 | B160: Masker nebulizer set dewasa | C160: set | R160: =APOTIK!G159 -> 0 | S160: =DISTRIBUSI!S161 -> 0 | U160: =DISTRIBUSI!U161 -> 0 | V160: =DISTRIBUSI!V161 -> 0 | W160: =DISTRIBUSI!W161 -> 0 | X160: =DISTRIBUSI!X161 -> 0 | Y160: =DISTRIBUSI!Y161 -> 0 | Z160: =SUM(D160:Y160) -> 0
A161: =A160+1 -> 153 | B161: Nasal Oxygen Canula-Adult Straight | C161: Pcs | R161: =APOTIK!G160 -> 0 | S161: =DISTRIBUSI!S162 -> 0 | U161: =DISTRIBUSI!U162 -> 0 | V161: =DISTRIBUSI!V162 -> 10 | W161: =DISTRIBUSI!W162 -> 0 | X161: =DISTRIBUSI!X162 -> 0 | Y161: =DISTRIBUSI!Y162 -> 0 | Z161: =SUM(D161:Y161) -> 10
A162: =A161+1 -> 154 | B162: Oxyflow Nasal Anak | C162: Pcs | R162: =APOTIK!G161 -> 0 | S162: =DISTRIBUSI!S163 -> 0 | U162: =DISTRIBUSI!U163 -> 0 | V162: =DISTRIBUSI!V163 -> 0 | W162: =DISTRIBUSI!W163 -> 0 | X162: =DISTRIBUSI!X163 -> 0 | Y162: =DISTRIBUSI!Y163 -> 0 | Z162: =SUM(D162:Y162) -> 0
A163: =A162+1 -> 155 | B163: Oxyflow Nasal Bayi | C163: Pcs | R163: =APOTIK!G162 -> 0 | S163: =DISTRIBUSI!S164 -> 0 | U163: =DISTRIBUSI!U164 -> 0 | V163: =DISTRIBUSI!V164 -> 0 | W163: =DISTRIBUSI!W164 -> 0 | X163: =DISTRIBUSI!X164 -> 0 | Y163: =DISTRIBUSI!Y164 -> 0 | Z163: =SUM(D163:Y163) -> 0
... A175: =A174+1 -> 167 | B175: Urine Bag | C175: pcs | R175: =APOTIK!G174 -> 0 | S175: =DISTRIBUSI!S176 -> 0 | U175: =DISTRIBUSI!U176 -> 0 | V175: =DISTRIBUSI!V176 -> 0 | W175: =DISTRIBUSI!W176 -> 0 | X175: =DISTRIBUSI!X176 -> 0 | Y175: =DISTRIBUSI!Y176 -> 0 | Z175: =SUM(D175:Y175) -> 0
R176: =APOTIK!G175 -> 0 | S176: =DISTRIBUSI!S177 -> 0 | U176: =DISTRIBUSI!U177 -> 0 | V176: =DISTRIBUSI!V177 -> 0 | W176: =DISTRIBUSI!W177 -> 0 | X176: =DISTRIBUSI!X177 -> 0 | Y176: =DISTRIBUSI!Y177 -> 0 | Z176: =SUM(D176:Y176) -> 0
R177: =APOTIK!G176 -> 0 | S177: =DISTRIBUSI!S178 -> 0 | U177: =DISTRIBUSI!U178 -> 0 | V177: =DISTRIBUSI!V178 -> 0 | W177: =DISTRIBUSI!W178 -> 0 | X177: =DISTRIBUSI!X178 -> 0 | Y177: =DISTRIBUSI!Y178 -> 0 | Z177: =SUM(D177:Y177) -> 0
R178: =APOTIK!G177 -> 0 | S178: =DISTRIBUSI!S179 -> 0 | U178: =DISTRIBUSI!U179 -> 0 | V178: =DISTRIBUSI!V179 -> 0 | W178: =DISTRIBUSI!W179 -> 0 | X178: =DISTRIBUSI!X179 -> 0 | Y178: =DISTRIBUSI!Y179 -> 0 | Z178: =SUM(D178:Y178) -> 0
R179: =APOTIK!G178 -> 0 | S179: =DISTRIBUSI!S180 -> 0 | U179: =DISTRIBUSI!U180 -> 0 | V179: =DISTRIBUSI!V180 -> 0 | W179: =DISTRIBUSI!W180 -> 0 | X179: =DISTRIBUSI!X180 -> 0 | Y179: =DISTRIBUSI!Y180 -> 0 | Z179: =SUM(D179:Y179) -> 0
R180: =APOTIK!G179 -> 0 | S180: =DISTRIBUSI!S181 -> 0 | U180: =DISTRIBUSI!U181 -> 0 | V180: =DISTRIBUSI!V181 -> 0 | W180: =DISTRIBUSI!W181 -> 0 | X180: =DISTRIBUSI!X181 -> 0 | Y180: =DISTRIBUSI!Y181 -> 0 | Z180: =SUM(D180:Y180) -> 0
A181: OBAT PROGRAM | R181: =APOTIK!G180 -> 0 | S181: =DISTRIBUSI!S182 -> 0 | U181: =DISTRIBUSI!U182 -> 0 | V181: =DISTRIBUSI!V182 -> 0 | W181: =DISTRIBUSI!W182 -> 0 | X181: =DISTRIBUSI!X182 -> 0 | Y181: =DISTRIBUSI!Y182 -> 0 | Z181: =SUM(D181:Y181) -> 0
A182: 1 | B182: GIZI | R182: =APOTIK!G181 -> 0 | S182: =DISTRIBUSI!S183 -> 0 | U182: =DISTRIBUSI!U183 -> 0 | V182: =DISTRIBUSI!V183 -> 0 | W182: =DISTRIBUSI!W183 -> 0 | X182: =DISTRIBUSI!X183 -> 0 | Y182: =DISTRIBUSI!Y183 -> 0 | Z182: =SUM(D182:Y182) -> 0
A183: 2 | B183: Mineral Mix | C183: Sacshet | R183: =APOTIK!G182 -> 0 | S183: =DISTRIBUSI!S184 -> 0 | U183: =DISTRIBUSI!U184 -> 0 | V183: =DISTRIBUSI!V184 -> 0 | W183: =DISTRIBUSI!W184 -> 0 | X183: =DISTRIBUSI!X184 -> 0 | Y183: =DISTRIBUSI!Y184 -> 0 | Z183: =SUM(D183:Y183) -> 0
A184: 3 | B184: Supralysin | C184: Botol | R184: =APOTIK!G183 -> 0 | S184: =DISTRIBUSI!S185 -> 0 | U184: =DISTRIBUSI!U185 -> 0 | V184: =DISTRIBUSI!V185 -> 0 | W184: =DISTRIBUSI!W185 -> 0 | X184: =DISTRIBUSI!X185 -> 0 | Y184: =DISTRIBUSI!Y185 -> 0 | Z184: =SUM(D184:Y184) -> 0
A185: 4 | B185: Tabelt Tambah Darah | C185: Tablet | R185: =APOTIK!G184 -> 0 | S185: =DISTRIBUSI!S186 -> 0 | U185: =DISTRIBUSI!U186 -> 0 | V185: =DISTRIBUSI!V186 -> 0 | W185: =DISTRIBUSI!W186 -> 0 | X185: =DISTRIBUSI!X186 -> 0 | Y185: =DISTRIBUSI!Y186 -> 0 | Z185: =SUM(D185:Y185) -> 0
A186: 5 | B186: Taburia | C186: Sacshet | R186: =APOTIK!G185 -> 0 | S186: =DISTRIBUSI!S187 -> 0 | U186: =DISTRIBUSI!U187 -> 0 | V186: =DISTRIBUSI!V187 -> 0 | W186: =DISTRIBUSI!W187 -> 0 | X186: =DISTRIBUSI!X187 -> 0 | Y186: =DISTRIBUSI!Y187 -> 0 | Z186: =SUM(D186:Y186) -> 0
A187: 6 | B187: Vitamin A Biru 10000 iu | C187: Kapsul | R187: =APOTIK!G186 -> 0 | S187: =DISTRIBUSI!S188 -> 0 | U187: =DISTRIBUSI!U188 -> 0 | V187: =DISTRIBUSI!V188 -> 0 | W187: =DISTRIBUSI!W188 -> 0 | X187: =DISTRIBUSI!X188 -> 0 | Y187: =DISTRIBUSI!Y188 -> 0 | Z187: =SUM(D187:Y187) -> 0
A188: 7 | B188: Vitamin A Merah 20000 iu | C188: Kapsul | R188: =APOTIK!G187 -> 0 | S188: =DISTRIBUSI!S189 -> 0 | U188: =DISTRIBUSI!U189 -> 0 | V188: =DISTRIBUSI!V189 -> 0 | W188: =DISTRIBUSI!W189 -> 0 | X188: =DISTRIBUSI!X189 -> 0 | Y188: =DISTRIBUSI!Y189 -> 0 | Z188: =SUM(D188:Y188) -> 0
A189: 8 | R189: =APOTIK!G188 -> 0 | S189: =DISTRIBUSI!S190 -> 0 | U189: =DISTRIBUSI!U190 -> 0 | V189: =DISTRIBUSI!V190 -> 0 | W189: =DISTRIBUSI!W190 -> 0 | X189: =DISTRIBUSI!X190 -> 0 | Y189: =DISTRIBUSI!Y190 -> 0 | Z189: =SUM(D189:Y189) -> 0
A190: 9 | R190: =APOTIK!G189 -> 0 | S190: =DISTRIBUSI!S191 -> 0 | U190: =DISTRIBUSI!U191 -> 0 | V190: =DISTRIBUSI!V191 -> 0 | W190: =DISTRIBUSI!W191 -> 0 | X190: =DISTRIBUSI!X191 -> 0 | Y190: =DISTRIBUSI!Y191 -> 0 | Z190: =SUM(D190:Y190) -> 0
A191: 10 | R191: =APOTIK!G190 -> 0 | S191: =DISTRIBUSI!S192 -> 0 | U191: =DISTRIBUSI!U192 -> 0 | V191: =DISTRIBUSI!V192 -> 0 | W191: =DISTRIBUSI!W192 -> 0 | X191: =DISTRIBUSI!X192 -> 0 | Y191: =DISTRIBUSI!Y192 -> 0 | Z191: =SUM(D191:Y191) -> 0
A192: 11 | B192: OBAT KESEHATAN IBU ANAK | R192: =APOTIK!G191 -> 0 | S192: =DISTRIBUSI!S193 -> 0 | U192: =DISTRIBUSI!U193 -> 0 | V192: =DISTRIBUSI!V193 -> 0 | W192: =DISTRIBUSI!W193 -> 0 | X192: =DISTRIBUSI!X193 -> 0 | Y192: =DISTRIBUSI!Y193 -> 0 | Z192: =SUM(D192:Y192) -> 0
A193: 12 | B193: Phenobarbital Injeksi | C193: Ampul | R193: =APOTIK!G192 -> 0 | S193: =DISTRIBUSI!S194 -> 0 | U193: =DISTRIBUSI!U194 -> 0 | V193: =DISTRIBUSI!V194 -> 0 | W193: =DISTRIBUSI!W194 -> 0 | X193: =DISTRIBUSI!X194 -> 0 | Y193: =DISTRIBUSI!Y194 -> 0 | Z193: =SUM(D193:Y193) -> 0
A194: 13 | B194: Ampicilin injeksi | C194: vial | R194: =APOTIK!G193 -> 0 | S194: =DISTRIBUSI!S195 -> 0 | U194: =DISTRIBUSI!U195 -> 0 | V194: =DISTRIBUSI!V195 -> 0 | W194: =DISTRIBUSI!W195 -> 0 | X194: =DISTRIBUSI!X195 -> 0 | Y194: =DISTRIBUSI!Y195 -> 0 | Z194: =SUM(D194:Y194) -> 0
A195: 14 | B195: Calsii Gluconas | C195: Ampul | R195: =APOTIK!G194 -> 0 | S195: =DISTRIBUSI!S196 -> 0 | U195: =DISTRIBUSI!U196 -> 0 | V195: =DISTRIBUSI!V196 -> 0 | W195: =DISTRIBUSI!W196 -> 0 | X195: =DISTRIBUSI!X196 -> 0 | Y195: =DISTRIBUSI!Y196 -> 0 | Z195: =SUM(D195:Y195) -> 0
A196: 15 | B196: Dextrosa 5% | C196: Botol | R196: =APOTIK!G195 -> 0 | S196: =DISTRIBUSI!S197 -> 0 | U196: =DISTRIBUSI!U197 -> 0 | V196: =DISTRIBUSI!V197 -> 0 | W196: =DISTRIBUSI!W197 -> 0 | X196: =DISTRIBUSI!X197 -> 0 | Y196: =DISTRIBUSI!Y197 -> 0 | Z196: =SUM(D196:Y196) -> 0
A197: 16 | B197: Diazepam Injeksi | C197: Ampul | R197: =APOTIK!G196 -> 0 | S197: =DISTRIBUSI!S198 -> 0 | U197: =DISTRIBUSI!U198 -> 0 | V197: =DISTRIBUSI!V198 -> 0 | W197: =DISTRIBUSI!W198 -> 0 | X197: =DISTRIBUSI!X198 -> 0 | Y197: =DISTRIBUSI!Y198 -> 0 | Z197: =SUM(D197:Y197) -> 0
A198: 17 | B198: Fitomenadion injeksi 2 mg/ ml | C198: Ampul | R198: =APOTIK!G197 -> 0 | S198: =DISTRIBUSI!S199 -> 0 | U198: =DISTRIBUSI!U199 -> 0 | V198: =DISTRIBUSI!V199 -> 40 | W198: =DISTRIBUSI!W199 -> 0 | X198: =DISTRIBUSI!X199 -> 0 | Y198: =DISTRIBUSI!Y199 -> 0 | Z198: =SUM(D198:Y198) -> 40
A199: 18 | B199: Methyl Ergometrine inje 2 mg | C199: Ampul | R199: =APOTIK!G198 -> 0 | S199: =DISTRIBUSI!S200 -> 0 | U199: =DISTRIBUSI!U200 -> 0 | V199: =DISTRIBUSI!V200 -> 0 | W199: =DISTRIBUSI!W200 -> 0 | X199: =DISTRIBUSI!X200 -> 0 | Y199: =DISTRIBUSI!Y200 -> 0 | Z199: =SUM(D199:Y199) -> 0
A200: 19 | B200: Mgso4 20 % | C200: Ampul | R200: =APOTIK!G199 -> 0 | S200: =DISTRIBUSI!S201 -> 0 | U200: =DISTRIBUSI!U201 -> 0 | V200: =DISTRIBUSI!V201 -> 0 | W200: =DISTRIBUSI!W201 -> 0 | X200: =DISTRIBUSI!X201 -> 0 | Y200: =DISTRIBUSI!Y201 -> 0 | Z200: =SUM(D200:Y200) -> 0
A201: 20 | B201: Mgso4 40 % | C201: Ampul | R201: =APOTIK!G200 -> 0 | S201: =DISTRIBUSI!S202 -> 0 | U201: =DISTRIBUSI!U202 -> 0 | V201: =DISTRIBUSI!V202 -> 0 | W201: =DISTRIBUSI!W202 -> 0 | X201: =DISTRIBUSI!X202 -> 0 | Y201: =DISTRIBUSI!Y202 -> 0 | Z201: =SUM(D201:Y201) -> 0
A202: 21 | B202: Oksitosin Injeksi | C202: Ampul | R202: =APOTIK!G201 -> 0 | S202: =DISTRIBUSI!S203 -> 0 | U202: =DISTRIBUSI!U203 -> 0 | V202: =DISTRIBUSI!V203 -> 20 | W202: =DISTRIBUSI!W203 -> 0 | X202: =DISTRIBUSI!X203 -> 0 | Y202: =DISTRIBUSI!Y203 -> 0 | Z202: =SUM(D202:Y202) -> 20
...

Sheet SISA STOK UNIT
A1: REKAPAN PEMAKAIAN DAN SISA STOK OBAT PUSTU DAN UNIT LAYANAN LAINNYA
A2: UPT PUSKESMAS SUKAMAJU
A3: TAHUN 2025
AB5: BULAN | AD5: ='PEMAKAIAN UNIT'!Q5 -> : FEBRUARI
AB6: TAHUN | AD6: : 2025
A8: NO | B8: Nama Obat | C8: SATUAN | D8: STOK AWAL | E8: PENERIMAAN | F8: PERSEDIANN | G8: PEMAKAIAN | H8: SISA STOK UNIT LAYANAN | AE8: JUMLAH | AN8: acc | AS8: acc | BC8: acc | BM8: acc | BR8: acc | BW8: acc
H9: SAPTA MARGA | I9: SALULEMO | J9: KALUKU | K9: TAMBOKE | L9: MINANGA TALLU | M9: LAMPUAWA | N9: T. INDAH | O9: T.SARI | P9: MULYASARI | Q9: KETULUNGAN | R9: WONOSARI | S9: TOLANGI | T9: SUKADAMAI | U9: PONGKASE | V9: APOTIK | W9: UGD | X9: APOTIK 2 | Y9: RI | Z9: RB | AA9: POLI | AB9: LAB | AC9: LAIN-LAIN | AD9: GUDANG | AL9: MUNTE | AQ9: KARONDANG | AV9: RAMPOANG | BA9: SIDOBINANGUN | BF9: BUNGADIDI | BK9: BUNGAPATI | BP9: POREANG | BU9: SUMNERDADI | BZ9: SIDOMAKMUR | CE9: PATILA | CJ9: USILA | CO9: PUSKEL | CQ9: KAMAR OBAT | CV9: DLL | CX9: GUDANG | DA9: MUNTE | DB9: KARONDANG | DC9: RAMPOANG | DD9: SIDOBINANGUN | DE9: BUNGADIDI | DF9: BUNGAPATI | DG9: POREANG | DH9: SUMBER DADI | DI9: SIDO MAKMUR | DJ9: PATILA | DK9: USILA | DL9: PUSKEL | DM9: KAMAR OBAT | DN9: DLL | DO9: GUDANG | DP9: JUMLAH
AL10: A | AM10: M | AN10: K | AO10: S | AQ10: A | AR10: M | AS10: K | AT10: S | AV10: A | AW10: M | AX10: K | AY10: S | BA10: A | BB10: M | BC10: K | BD10: S | BF10: A | BG10: M | BH10: K | BI10: S | BK10: A | BL10: M | BM10: K | BN10: S | BP10: A | BQ10: M | BR10: K | BS10: S | BU10: A | BV10: M | BW10: K | BX10: S | BZ10: A | CA10: M | CB10: K | CC10: S | CE10: A | CF10: M | CG10: K | CH10: S | CJ10: A | CK10: M | CL10: K | CM10: S | CQ10: A | CR10: M | CS10: K | CT10: S
A11: 1 | B11: 2 | C11: 3 | D11: 4 | E11: 5 | F11: 6 | G11: 7 | H11: 8 | I11: 9 | J11: 10 | S11: 11 | T11: 12 | U11: 13 | V11: 14 | W11: 15 | X11: 16 | Y11: 17 | Z11: 18 | AA11: 19 | AB11: 21 | AC11: 22 | AD11: 24 | AE11: 24 | AL11: 1 | AM11: 2 | AN11: 3 | AO11: 4 | AP11: 5 | AQ11: 6 | AR11: 7 | AS11: 8 | AT11: 9 | AU11: 10 | AV11: 11 | AW11: 12 | AX11: 13 | AY11: 14 | AZ11: 15 | BA11: 16 | BB11: 17 | BC11: 18 | BD11: 19 | BE11: 20 | BF11: 21 | BG11: 22 | BH11: 23 | BI11: 24 | BJ11: 25 | BK11: 26 | BL11: 27 | BM11: 28 | BN11: 29 | BO11: 30 | BP11: 31 | BT11: 1 | BU11: 2 | BV11: 3 | BW11: 4 | BX11: 5 | BY11: 6 | BZ11: 7 | CA11: 8 | CB11: 9 | CC11: 10 | CD11: 11 | CE11: 12 | CF11: 13 | CG11: 14 | CH11: 15 | CI11: 16 | CJ11: 17 | CK11: 18 | CL11: 19 | CM11: 20 | CN11: 21 | CO11: 22 | CP11: 23 | CT11: 26 | CU11: 27 | CV11: 28 | CW11: 29 | DA11: 2 | DB11: 3 | DC11: 4 | DD11: 5 | DE11: 6 | DF11: 7 | DG11: 8 | DH11: 9 | DI11: 10 | DJ11: 11 | DK11: 12 | DL11: 13 | DM11: 15 | DN11: 16 | DO11: 18
A12: 1 | B12: Air untuk injeksi amp 25 ml | C12: Ampul | D12: 0 | E12: ='LPLPO GUDANG'!E15 -> 30 | F12: =SUM(D12:E12) -> 30 | G12: ='PEMAKAIAN UNIT'!R9 -> 0 | H12: 0 | I12: 0 | J12: 0 | S12: 0 | T12: 0 | U12: 0 | V12: 0 | W12: 0 | X12: 0 | Y12: =CH12 -> 0 | Z12: =CM12 -> #REF! | AA12: =CO12 -> #REF! | AB12: 82 | AC12: =CV12 -> #REF! | AD12: ='LPLPO GUDANG'!H15 -> 0 | AE12: =SUM(H12:AD12) -> #REF! | AI12: =F12-G12 -> 30 | AJ12: =AE12-AI12 -> #REF! | AL12: =DA12 -> 0 | AM12: =DISTRIBUSI!D10 -> 0 | AN12: ='PEMAKAIAN UNIT'!D9 -> 0 | AO12: =AL12+AM12-AN12 -> 0 | AP12: =AO12-H12 -> 0 | AQ12: =DB12 -> 0 | AR12: =DISTRIBUSI!E10 -> 0 | AS12: ='PEMAKAIAN UNIT'!E9 -> 0 | AT12: =AQ12+AR12-AS12 -> 0 | AU12: =AT12-I12 -> 0 | AV12: =DC12 -> 0 | AW12: =DISTRIBUSI!F10 -> 0 | AX12: ='PEMAKAIAN UNIT'!F9 -> 0 | AY12: =AV12+AW12-AX12 -> 0 | AZ12: =AY12-J12 -> 0 | BA12: =DD12 -> 0 | BB12: =DISTRIBUSI!G10 -> 0 | BC12: ='PEMAKAIAN UNIT'!G9 -> 0 | BD12: =BA12+BB12-BC12 -> 0 | BE12: =BD12-S12 -> 0 | BF12: =DE12 -> 0 | BG12: =DISTRIBUSI!H10 -> 0 | BH12: ='PEMAKAIAN UNIT'!H9 -> 0 | BI12: =BF12+BG12-BH12 -> 0 | BJ12: =BI12-T12 -> 0 | BK12: =DF12 -> 0 | BL12: =DISTRIBUSI!I10 -> 0 | BM12: ='PEMAKAIAN UNIT'!I9 -> 0 | BN12: =BK12+BL12-BM12 -> 0 | BO12: =BN12-U12 -> 0 | BP12: =DG12 -> 0 | BQ12: =DISTRIBUSI!J10 -> 0 | BR12: ='PEMAKAIAN UNIT'!J9 -> 0 | BS12: =BP12+BQ12-BR12 -> 0 | BT12: =BS12-V12 -> 0 | BU12: =DH12 -> 0 | BV12: =DISTRIBUSI!K10 -> 0 | BW12: ='PEMAKAIAN UNIT'!K9 -> 0 | BX12: =BU12+BV12-BW12 -> 0 | BY12: =BX12-W12 -> 0 | BZ12: =DI12 -> 0 | CA12: =DISTRIBUSI!L10 -> 0 | CB12: ='PEMAKAIAN UNIT'!L9 -> 0 | CC12: =BZ12+CA12-CB12 -> 0 | CD12: =CC12-X12 -> 0 | CE12: =DJ12 -> 0 | CF12: =DISTRIBUSI!M10 -> 0 | CG12: ='PEMAKAIAN UNIT'!M9 -> 0 | CH12: =CE12+CF12-CG12 -> 0 | CI12: =CH12-Y12 -> 0 | CJ12: =DK12 -> 0 | CK12: =DISTRIBUSI!#REF! -> #REF! | CL12: ='PEMAKAIAN UNIT'!N9 -> 0 | CM12: =CJ12+CK12-CL12 -> #REF! | CN12: =CM12-Z12 -> #REF! | CO12: =DL12+DISTRIBUSI!#REF!-'PEMAKAIAN UNIT'!O9 -> #REF! | CP12: =CO12-AA12 -> #REF! | CQ12: =DM12 -> 178 | CR12: =DISTRIBUSI!R10 -> 60 | CS12: ='PEMAKAIAN UNIT'!P9 -> 0 | CT12: =CQ12+CR12-CS12 -> 238 | CU12: =CT12-AB12 -> 156 | CV12: =DN12+DISTRIBUSI!#REF!-'PEMAKAIAN UNIT'!Q9 -> #REF! | CW12: =CV12-AC12 -> #REF! | CX12: =DO12+'LPLPO GUDANG'!E15-'LPLPO GUDANG'!G15 -> -30 | CY12: =CX12-AD12 -> -30 | DA12: 0 | DB12: 0 | DC12: 0 | DD12: 0 | DE12: 0 | DF12: 0 | DG12: 0 | DH12: 0 | DI12: 0 | DJ12: 0 | DK12: 0 | DL12: 0 | DM12: 178 | DN12: 0 | DO12: 0 | DP12: =SUM(DA12:DO12) -> 178 | DR12: Air untuk injeksi amp 25 ml | DU12: =H12+I12+J12+S12+T12+U12+V12+W12+X12+Y12+Z12+AA12+AC12 -> #REF!
A13: =A12+1 -> 2 | B13: Alopurinol tab 300 mg | C13: Ktk @ 100 tablet | D13: 0 | E13: ='LPLPO GUDANG'!E16 -> 500 | F13: =SUM(D13:E13) -> 500 | G13: ='PEMAKAIAN UNIT'!R10 -> 0 | H13: 0 | I13: 0 | J13: 0 | S13: 0 | T13: 0 | U13: 0 | V13: 0 | W13: 0 | X13: 0 | Y13: =CH13 -> 0 | Z13: =CM13 -> #REF! | AA13: =CO13 -> #REF! | AB13: 952 | AC13: =CV13 -> #REF! | AD13: ='LPLPO GUDANG'!H16 -> 500 | AE13: =SUM(H13:AD13) -> #REF! | AI13: =F13-G13 -> 500 | AJ13: =AE13-AI13 -> #REF! | AL13: =DA13 -> 0 | AM13: =DISTRIBUSI!D11 -> 0 | AN13: ='PEMAKAIAN UNIT'!D10 -> 0 | AO13: =AL13+AM13-AN13 -> 0 | AP13: =AO13-H13 -> 0 | AQ13: =DB13 -> 0 | AR13: =DISTRIBUSI!E11 -> 0 | AS13: ='PEMAKAIAN UNIT'!E10 -> 0 | AT13: =AQ13+AR13-AS13 -> 0 | AU13: =AT13-I13 -> 0 | AV13: =DC13 -> 0 | AW13: =DISTRIBUSI!F11 -> 0 | AX13: ='PEMAKAIAN UNIT'!F10 -> 0 | AY13: =AV13+AW13-AX13 -> 0 | AZ13: =AY13-J13 -> 0 | BA13: =DD13 -> 0 | BB13: =DISTRIBUSI!G11 -> 0 | BC13: ='PEMAKAIAN UNIT'!G10 -> 0 | BD13: =BA13+BB13-BC13 -> 0 | BE13: =BD13-S13 -> 0 | BF13: =DE13 -> 10 | BG13: =DISTRIBUSI!H11 -> 0 | BH13: ='PEMAKAIAN UNIT'!H10 -> 0 | BI13: =BF13+BG13-BH13 -> 10 | BJ13: =BI13-T13 -> 10 | BK13: =DF13 -> 0 | BL13: =DISTRIBUSI!I11 -> 0 | BM13: ='PEMAKAIAN UNIT'!I10 -> 0 | BN13: =BK13+BL13-BM13 -> 0 | BO13: =BN13-U13 -> 0 | BP13: =DG13 -> 0 | BQ13: =DISTRIBUSI!J11 -> 0 | BR13: ='PEMAKAIAN UNIT'!J10 -> 0 | BS13: =BP13+BQ13-BR13 -> 0 | BT13: =BS13-V13 -> 0 | BU13: =DH13 -> 0 | BV13: =DISTRIBUSI!K11 -> 0 | BW13: ='PEMAKAIAN UNIT'!K10 -> 0 | BX13: =BU13+BV13-BW13 -> 0 | BY13: =BX13-W13 -> 0 | BZ13: =DI13 -> 0 | CA13: =DISTRIBUSI!L11 -> 0 | CB13: ='PEMAKAIAN UNIT'!L10 -> 0 | CC13: =BZ13+CA13-CB13 -> 0 | CD13: =CC13-X13 -> 0 | CE13: =DJ13 -> 0 | CF13: =DISTRIBUSI!M11 -> 0 | CG13: ='PEMAKAIAN UNIT'!M10 -> 0 | CH13: =CE13+CF13-CG13 -> 0 | CI13: =CH13-Y13 -> 0 | CJ13: =DK13 -> 0 | CK13: =DISTRIBUSI!#REF! -> #REF! | CL13: ='PEMAKAIAN UNIT'!N10 -> 0 | CM13: =CJ13+CK13-CL13 -> #REF! | CN13: =CM13-Z13 -> #REF! | CO13: =DL13+DISTRIBUSI!#REF!-'PEMAKAIAN UNIT'!O10 -> #REF! | CP13: =CO13-AA13 -> #REF! | CQ13: =DM13 -> 870 | CR13: =DISTRIBUSI!R11 -> 500 | CS13: ='PEMAKAIAN UNIT'!P10 -> 0 | CT13: =CQ13+CR13-CS13 -> 1370 | CU13: =CT13-AB13 -> 418 | CV13: =DN13+DISTRIBUSI!#REF!-'PEMAKAIAN UNIT'!Q10 -> #REF! | CW13: =CV13-AC13 -> #REF! | CX13: =DO13+'LPLPO GUDANG'!E16-'LPLPO GUDANG'!G16 -> 1000 | CY13: =CX13-AD13 -> 500 | DA13: 0 | DB13: 0 | DC13: 0 | DD13: 0 | DE13: 10 | DF13: 0 | DG13: 0 | DH13: 0 | DI13: 0 | DJ13: 0 | DK13: 0 | DL13: 600 | DM13: 870 | DN13: 0 | DO13: 1000 | DP13: =SUM(DA13:DO13) -> 2480 | DR13: Alopurinol tab 300 mg | DU13: =H13+I13+J13+S13+T13+U13+V13+W13+X13+Y13+Z13+AA13+AC13 -> #REF!
A14: =A13+1 -> 3 | B14: Ambroxol Sirup | C14: Botol | D14: 0 | E14: ='LPLPO GUDANG'!E17 -> 0 | F14: =SUM(D14:E14) -> 0 | G14: ='PEMAKAIAN UNIT'!R11 -> 0 | H14: 0 | I14: 0 | J14: 0 | S14: 0 | T14: 0 | U14: 0 | V14: 0 | W14: 0 | X14: 0 | Y14: =CH14 -> 0 | Z14: =CM14 -> #REF! | AA14: =CO14 -> #REF! | AB14: 0 | AC14: =CV14 -> #REF! | AD14: ='LPLPO GUDANG'!H17 -> 15 | AE14: =SUM(H14:AD14) -> #REF! | AI14: =F14-G14 -> 0 | AJ14: =AE14-AI14 -> #REF! | AL14: =DA14 -> 0 | AM14: =DISTRIBUSI!D12 -> 0 | AN14: ='PEMAKAIAN UNIT'!D11 -> 0 | AO14: =AL14+AM14-AN14 -> 0 | AP14: =AO14-H14 -> 0 | AQ14: =DB14 -> 0 | AR14: =DISTRIBUSI!E12 -> 0 | AS14: ='PEMAKAIAN UNIT'!E11 -> 0 | AT14: =AQ14+AR14-AS14 -> 0 | AU14: =AT14-I14 -> 0 | AV14: =DC14 -> 0 | AW14: =DISTRIBUSI!F12 -> 0 | AX14: ='PEMAKAIAN UNIT'!F11 -> 0 | AY14: =AV14+AW14-AX14 -> 0 | AZ14: =AY14-J14 -> 0 | BA14: =DD14 -> 0 | BB14: =DISTRIBUSI!G12 -> 0 | BC14: ='PEMAKAIAN UNIT'!G11 -> 0 | BD14: =BA14+BB14-BC14 -> 0 | BE14: =BD14-S14 -> 0 | BF14: =DE14 -> 0 | BG14: =DISTRIBUSI!H12 -> 0 | BH14: ='PEMAKAIAN UNIT'!H11 -> 0 | BI14: =BF14+BG14-BH14 -> 0 | BJ14: =BI14-T14 -> 0 | BK14: =DF14 -> 0 | BL14: =DISTRIBUSI!I12 -> 0 | BM14: ='PEMAKAIAN UNIT'!I11 -> 0 | BN14: =BK14+BL14-BM14 -> 0 | BO14: =BN14-U14 -> 0 | BP14: =DG14 -> 0 | BQ14: =DISTRIBUSI!J12 -> 0 | BR14: ='PEMAKAIAN UNIT'!J11 -> 0 | BS14: =BP14+BQ14-BR14 -> 0 | BT14: =BS14-V14 -> 0 | BU14: =DH14 -> 0 | BV14: =DISTRIBUSI!K12 -> 0 | BW14: ='PEMAKAIAN UNIT'!K11 -> 0 | BX14: =BU14+BV14-BW14 -> 0 | BY14: =BX14-W14 -> 0 | BZ14: =DI14 -> 0 | CA14: =DISTRIBUSI!L12 -> 0 | CB14: ='PEMAKAIAN UNIT'!L11 -> 0 | CC14: =BZ14+CA14-CB14 -> 0 | CD14: =CC14-X14 -> 0 | CE14: =DJ14 -> 0 | CF14: =DISTRIBUSI!M12 -> 0 | CG14: ='PEMAKAIAN UNIT'!M11 -> 0 | CH14: =CE14+CF14-CG14 -> 0 | CI14: =CH14-Y14 -> 0 | CJ14: =DK14 -> 0 | CK14: =DISTRIBUSI!#REF! -> #REF! | CL14: ='PEMAKAIAN UNIT'!N11 -> 0 | CM14: =CJ14+CK14-CL14 -> #REF! | CN14: =CM14-Z14 -> #REF! | CO14: =DL14+DISTRIBUSI!#REF!-'PEMAKAIAN UNIT'!O11 -> #REF! | CP14: =CO14-AA14 -> #REF! | CQ14: =DM14 -> 3 | CR14: =DISTRIBUSI!R12 -> 30 | CS14: ='PEMAKAIAN UNIT'!P11 -> 0 | CT14: =CQ14+CR14-CS14 -> 33 | CU14: =CT14-AB14 -> 33 | CV14: =DN14+DISTRIBUSI!#REF!-'PEMAKAIAN UNIT'!Q11 -> #REF! | CW14: =CV14-AC14 -> #REF! | CX14: =DO14+'LPLPO GUDANG'!E17-'LPLPO GUDANG'!G17 -> -5 | CY14: =CX14-AD14 -> -20 | DA14: 0 | DC14: 0 | DD14: 0 | DE14: 0 | DF14: 0 | DG14: 0 | DH14: 0 | DI14: 0 | DJ14: 0 | DK14: 0 | DL14: 0 | DM14: 3 | DN14: 0 | DO14: 25 | DP14: =SUM(DA14:DO14) -> 28 | DR14: Ambroxol Sirup | DU14: =H14+I14+J14+S14+T14+U14+V14+W14+X14+Y14+Z14+AA14+AC14 -> #REF!
A15: =A14+1 -> 4 | B15: Amlodipin tab 5 mg | C15: Ktk 50 Tablet | D15: 0 | E15: ='LPLPO GUDANG'!E18 -> 2000 | F15: =SUM(D15:E15) -> 2000 | G15: ='PEMAKAIAN UNIT'!R12 -> 0 | H15: 0 | I15: 0 | J15: 0 | S15: 120 | T15: 0 | U15: 120 | V15: 140 | W15: 160 | X15: 120 | Y15: =CH15 -> 0 | Z15: =CM15 -> #REF! | AA15: =CO15 -> #REF! | AB15: 1735 | AC15: =CV15 -> #REF! | AD15: ='LPLPO GUDANG'!H18 -> 1800 | AE15: =SUM(H15:AD15) -> #REF! | AI15: =F15-G15 -> 2000 | AJ15: =AE15-AI15 -> #REF! | AL15: =DA15 -> 0 | AM15: =DISTRIBUSI!D13 -> 0 | AN15: ='PEMAKAIAN UNIT'!D12 -> 0 | AO15: =AL15+AM15-AN15 -> 0 | AP15: =AO15-H15 -> 0 | AQ15: =DB15 -> 0 | AR15: =DISTRIBUSI!E13 -> 0 | AS15: ='PEMAKAIAN UNIT'!E12 -> 0 | AT15: =AQ15+AR15-AS15 -> 0 | AU15: =AT15-I15 -> 0 | AV15: =DC15 -> 80 | AW15: =DISTRIBUSI!F13 -> 0 | AX15: ='PEMAKAIAN UNIT'!F12 -> 0 | AY15: =AV15+AW15-AX15 -> 80 | AZ15: =AY15-J15 -> 80 | BA15: =DD15 -> 40 | BB15: =DISTRIBUSI!G13 -> 0 | BC15: ='PEMAKAIAN UNIT'!G12 -> 0 | BD15: =BA15+BB15-BC15 -> 40 | BE15: =BD15-S15 -> -80 | BF15: =DE15 -> 200 | BG15: =DISTRIBUSI!H13 -> 0 | BH15: ='PEMAKAIAN UNIT'!H12 -> 0 | BI15: =BF15+BG15-BH15 -> 200 | BJ15: =BI15-T15 -> 200 | BK15: =DF15 -> 60 | BL15: =DISTRIBUSI!I13 -> 100 | BM15: ='PEMAKAIAN UNIT'!I12 -> 0 | BN15: =BK15+BL15-BM15 -> 160 | BO15: =BN15-U15 -> 40 | BP15: =DG15 -> 210 | BQ15: =DISTRIBUSI!J13 -> 0 | BR15: ='PEMAKAIAN UNIT'!J12 -> 0 | BS15: =BP15+BQ15-BR15 -> 210 | BT15: =BS15-V15 -> 70 | BU15: =DH15 -> 200 | BV15: =DISTRIBUSI!K13 -> 0 | BW15: ='PEMAKAIAN UNIT'!K12 -> 0 | BX15: =BU15+BV15-BW15 -> 200 | BY15: =BX15-W15 -> 40 | BZ15: =DI15 -> 170 | CA15: =DISTRIBUSI!L13 -> 0 | CB15: ='PEMAKAIAN UNIT'!L12 -> 0 | CC15: =BZ15+CA15-CB15 -> 170 | CD15: =CC15-X15 -> 50 | CE15: =DJ15 -> 0 | CF15: =DISTRIBUSI!M13 -> 0 | CG15: ='PEMAKAIAN UNIT'!M12 -> 0 | CH15: =CE15+CF15-CG15 -> 0 | CI15: =CH15-Y15 -> 0 | CJ15: =DK15 -> 0 | CK15: =DISTRIBUSI!#REF! -> #REF! | CL15: ='PEMAKAIAN UNIT'!N12 -> 0 | CM15: =CJ15+CK15-CL15 -> #REF! | CN15: =CM15-Z15 -> #REF! | CO15: =DL15+DISTRIBUSI!#REF!-'PEMAKAIAN UNIT'!O12 -> #REF! | CP15: =CO15-AA15 -> #REF! | CQ15: =DM15 -> 1468 | CR15: =DISTRIBUSI!R13 -> 2000 | CS15: ='PEMAKAIAN UNIT'!P12 -> 0 | CT15: =CQ15+CR15-CS15 -> 3468 | CU15: =CT15-AB15 -> 1733 | CV15: =DN15+DISTRIBUSI!#REF!-'PEMAKAIAN UNIT'!Q12 -> #REF! | CW15: =CV15-AC15 -> #REF! | CX15: =DO15+'LPLPO GUDANG'!E18-'LPLPO GUDANG'!G18 -> 100 | CY15: =CX15-AD15 -> -1700 | DA15: 0 | DC15: 80 | DD15: 40 | DE15: 200 | DF15: 60 | DG15: 210 | DH15: 200 | DI15: 170 | DJ15: 0 | DK15: 0 | DL15: 0 | DM15: 1468 | DN15: 0 | DO15: 300 | DP15: =SUM(DA15:DO15) -> 2728 | DR15: Amlodipin tab 5 mg | DU15: =H15+I15+J15+S15+T15+U15+V15+W15+X15+Y15+Z15+AA15+AC15 -> #REF!
A16: =A15+1 -> 5 | B16: Amlodipin Tablet 10 mg | C16: Tablet | D16: 0 | E16: ='LPLPO GUDANG'!E19 -> 3000 | F16: =SUM(D16:E16) -> 3000 | G16: ='PEMAKAIAN UNIT'!R13 -> 0 | H16: 0 | I16: 0 | J16: 0 | S16: 0 | T16: 0 | U16: 0 | V16: 0 | W16: 0 | X16: 0 | Y16: =CH16 -> 0 | Z16: =CM16 -> #REF! | AA16: =CO16 -> #REF! | AB16: 780 | AC16: =CV16 -> #REF! | AD16: ='LPLPO GUDANG'!H19 -> 1800 | AE16: =SUM(H16:AD16) -> #REF! | AI16: =F16-G16 -> 3000 | AJ16: =AE16-AI16 -> #REF! | AL16: =DA16 -> 0 | AM16: =DISTRIBUSI!D14 -> 0 | AN16: ='PEMAKAIAN UNIT'!D13 -> 0 | AO16: =AL16+AM16-AN16 -> 0 | AP16: =AO16-H16 -> 0 | AQ16: =DB16 -> 0 | AR16: =DISTRIBUSI!E14 -> 0 | AS16: ='PEMAKAIAN UNIT'!E13 -> 0 | AT16: =AQ16+AR16-AS16 -> 0 | AU16: =AT16-I16 -> 0 | AV16: =DC16 -> 0 | AW16: =DISTRIBUSI!F14 -> 0 | AX16: ='PEMAKAIAN UNIT'!F13 -> 0 | AY16: =AV16+AW16-AX16 -> 0 | AZ16: =AY16-J16 -> 0 | BA16: =DD16 -> 0 | BB16: =DISTRIBUSI!G14 -> 0 | BC16: ='PEMAKAIAN UNIT'!G13 -> 0 | BD16: =BA16+BB16-BC16 -> 0 | BE16: =BD16-S16 -> 0 | BF16: =DE16 -> 0 | BG16: =DISTRIBUSI!H14 -> 0 | BH16: ='PEMAKAIAN UNIT'!H13 -> 0 | BI16: =BF16+BG16-BH16 -> 0 | BJ16: =BI16-T16 -> 0 | BK16: =DF16 -> 0 | BL16: =DISTRIBUSI!I14 -> 0 | BM16: ='PEMAKAIAN UNIT'!I13 -> 0 | BN16: =BK16+BL16-BM16 -> 0 | BO16: =BN16-U16 -> 0 | BP16: =DG16 -> 0 | BQ16: =DISTRIBUSI!J14 -> 0 | BR16: ='PEMAKAIAN UNIT'!J13 -> 0 | BS16: =BP16+BQ16-BR16 -> 0 | BT16: =BS16-V16 -> 0 | BU16: =DH16 -> 0 | BV16: =DISTRIBUSI!K14 -> 0 | BW16: ='PEMAKAIAN UNIT'!K13 -> 0 | BX16: =BU16+BV16-BW16 -> 0 | BY16: =BX16-W16 -> 0 | BZ16: =DI16 -> 0 | CA16: =DISTRIBUSI!L14 -> 0 | CB16: ='PEMAKAIAN UNIT'!L13 -> 0 | CC16: =BZ16+CA16-CB16 -> 0 | CD16: =CC16-X16 -> 0 | CE16: =DJ16 -> 0 | CF16: =DISTRIBUSI!M14 -> 0 | CG16: ='PEMAKAIAN UNIT'!M13 -> 0 | CH16: =CE16+CF16-CG16 -> 0 | CI16: =CH16-Y16 -> 0 | CJ16: =DK16 -> 0 | CK16: =DISTRIBUSI!#REF! -> #REF! | CL16: ='PEMAKAIAN UNIT'!N13 -> 0 | CM16: =CJ16+CK16-CL16 -> #REF! | CN16: =CM16-Z16 -> #REF! | CO16: =DL16+DISTRIBUSI!#REF!-'PEMAKAIAN UNIT'!O13 -> #REF! | CP16: =CO16-AA16 -> #REF! | CQ16: =DM16 -> 1540 | CR16: =DISTRIBUSI!R14 -> 3000 | CS16: ='PEMAKAIAN UNIT'!P13 -> 0 | CT16: =CQ16+CR16-CS16 -> 4540 | CU16: =CT16-AB16 -> 3760 | CV16: =DN16+DISTRIBUSI!#REF!-'PEMAKAIAN UNIT'!Q13 -> #REF! | CW16: =CV16-AC16 -> #REF! | CX16: =DO16+'LPLPO GUDANG'!E19-'LPLPO GUDANG'!G19 -> 1100 | CY16: =CX16-AD16 -> -700 | DA16: 0 | DC16: 0 | DD16: 0 | DE16: 0 | DG16: 0 | DH16: 0 | DI16: 0 | DJ16: 0 | DK16: 0 | DL16: 0 | DM16: 1540 | DN16: 0 | DO16: 1300 | DP16: =SUM(DA16:DO16) -> 2840 | DR16: Amlodipin Tablet 10 mg | DU16: =H16+I16+J16+S16+T16+U16+V16+W16+X16+Y16+Z16+AA16+AC16 -> #REF!
A17: =A16+1 -> 6 | B17: Amoksisilin sirup kering 125 mg/5 ml | C17: Botol | D17: 0 | E17: ='LPLPO GUDANG'!E20 -> 0 | F17: =SUM(D17:E17) -> 0 | G17: ='PEMAKAIAN UNIT'!R14 -> 0 | H17: 25 | I17: 0 | J17: 0 | S17: 10 | T17: 0 | U17: 6 | V17: 13 | W17: 8 | X17: 5 | Y17: =CH17 -> 0 | Z17: =CM17 -> #REF! | AA17: =CO17 -> #REF! | AB17: 61 | AC17: =CV17 -> #REF! | AD17: ='LPLPO GUDANG'!H20 -> 135 | AE17: =SUM(H17:AD17) -> #REF! | AI17: =F17-G17 -> 0 | AJ17: =AE17-AI17 -> #REF! | AL17: =DA17 -> 21 | AM17: =DISTRIBUSI!D15 -> 0 | AN17: ='PEMAKAIAN UNIT'!D14 -> 0 | AO17: =AL17+AM17-AN17 -> 21 | AP17: =AO17-H17 -> -4 | AQ17: =DB17 -> 2 | AR17: =DISTRIBUSI!E15 -> 0 | AS17: ='PEMAKAIAN UNIT'!E14 -> 0 | AT17: =AQ17+AR17-AS17 -> 2 | AU17: =AT17-I17 -> 2 | AV17: =DC17 -> 6 | AW17: =DISTRIBUSI!F15 -> 0 | AX17: ='PEMAKAIAN UNIT'!F14 -> 0 | AY17: =AV17+AW17-AX17 -> 6 | AZ17: =AY17-J17 -> 6 | BA17: =DD17 -> 5 | BB17: =DISTRIBUSI!G15 -> 0 | BC17: ='PEMAKAIAN UNIT'!G14 -> 0 | BD17: =BA17+BB17-BC17 -> 5 | BE17: =BD17-S17 -> -5 | BF17: =DE17 -> 8 | BG17: =DISTRIBUSI!H15 -> 0 | BH17: ='PEMAKAIAN UNIT'!H14 -> 0 | BI17: =BF17+BG17-BH17 -> 8 | BJ17: =BI17-T17 -> 8 | BK17: =DF17 -> 4 | BL17: =DISTRIBUSI!I15 -> 0 | BM17: ='PEMAKAIAN UNIT'!I14 -> 0 | BN17: =BK17+BL17-BM17 -> 4 | BO17: =BN17-U17 -> -2 | BP17: =DG17 -> 6 | BQ17: =DISTRIBUSI!J15 -> 0 | BR17: ='PEMAKAIAN UNIT'!J14 -> 0 | BS17: =BP17+BQ17-BR17 -> 6 | BT17: =BS17-V17 -> -7 | BU17: =DH17 -> 12 | BV17: =DISTRIBUSI!K15 -> 0 | BW17: ='PEMAKAIAN UNIT'!K14 -> 0 | BX17: =BU17+BV17-BW17 -> 12 | BY17: =BX17-W17 -> 4 | BZ17: =DI17 -> 7 | CA17: =DISTRIBUSI!L15 -> 0 | CB17: ='PEMAKAIAN UNIT'!L14 -> 0 | CC17: =BZ17+CA17-CB17 -> 7 | CD17: =CC17-X17 -> 2 | CE17: =DJ17 -> 0 | CF17: =DISTRIBUSI!M15 -> 0 | CG17: ='PEMAKAIAN UNIT'!M14 -> 0 | CH17: =CE17+CF17-CG17 -> 0 | CI17: =CH17-Y17 -> 0 | CJ17: =DK17 -> 0 | CK17: =DISTRIBUSI!#REF! -> #REF! | CL17: ='PEMAKAIAN UNIT'!N14 -> 0 | CM17: =CJ17+CK17-CL17 -> #REF! | CN17: =CM17-Z17 -> #REF! | CO17: =DL17+DISTRIBUSI!#REF!-'PEMAKAIAN UNIT'!O14 -> #REF! | CP17: =CO17-AA17 -> #REF! | CQ17: =DM17 -> 59 | CR17: =DISTRIBUSI!R15 -> 0 | CS17: ='PEMAKAIAN UNIT'!P14 -> 0 | CT17: =CQ17+CR17-CS17 -> 59 | CU17: =CT17-AB17 -> -2 | CV17: =DN17+DISTRIBUSI!#REF!-'PEMAKAIAN UNIT'!Q14 -> #REF! | CW17: =CV17-AC17 -> #REF! | CX17: =DO17+'LPLPO GUDANG'!E20-'LPLPO GUDANG'!G20 -> 0 | CY17: =CX17-AD17 -> -135 | DA17: 21 | DB17: 2 | DC17: 6 | DD17: 5 | DE17: 8 | DF17: 4 | DG17: 6 | DH17: 12 | DI17: 7 | DJ17: 0 | DK17: 0 | DL17: 30 | DM17: 59 | DN17: 0 | DO17: 0 | DP17: =SUM(DA17:DO17) -> 160 | DR17: Amoksisilin sirup kering 125 mg/5 ml | DU17: =H17+I17+J17+S17+T17+U17+V17+W17+X17+Y17+Z17+AA17+AC17 -> #REF!
A18: =A17+1 -> 7 | B18: Amoksisilin tab 500 mg | C18: Ktk @100 kaplet | D18: 0 | E18: ='LPLPO GUDANG'!E21 -> 1500 | F18: =SUM(D18:E18) -> 1500 | G18: ='PEMAKAIAN UNIT'!R15 -> 0 | H18: 55 | I18: 105 | J18: 0 | S18: 230 | T18: 0 | U18: 165 | V18: 285 | W18: 160 | X18: 170 | Y18: =CH18 -> 0 | Z18: =CM18 -> #REF! | AA18: =CO18 -> #REF! | AB18: 1089 | AC18: =CV18 -> #REF! | AD18: ='LPLPO GUDANG'!H21 -> 3100 | AE18: =SUM(H18:AD18) -> #REF! | AI18: =F18-G18 -> 1500 | AJ18: =AE18-AI18 -> #REF! | AL18: =DA18 -> 130 | AM18: =DISTRIBUSI!D16 -> 0 | AN18: ='PEMAKAIAN UNIT'!D15 -> 0 | AO18: =AL18+AM18-AN18 -> 130 | AP18: =AO18-H18 -> 75 | AQ18: =DB18 -> 115 | AR18: =DISTRIBUSI!E16 -> 0 | AS18: ='PEMAKAIAN UNIT'!E15 -> 0 | AT18: =AQ18+AR18-AS18 -> 115 | AU18: =AT18-I18 -> 10 | AV18: =DC18 -> 242 | AW18: =DISTRIBUSI!F16 -> 0 | AX18: ='PEMAKAIAN UNIT'!F15 -> 0 | AY18: =AV18+AW18-AX18 -> 242 | AZ18: =AY18-J18 -> 242 | BA18: =DD18 -> 300 | BB18: =DISTRIBUSI!G16 -> 0 | BC18: ='PEMAKAIAN UNIT'!G15 -> 0 | BD18: =BA18+BB18-BC18 -> 300 | BE18: =BD18-S18 -> 70 | BF18: =DE18 -> 240 | BG18: =DISTRIBUSI!H16 -> 0 | BH18: ='PEMAKAIAN UNIT'!H15 -> 0 | BI18: =BF18+BG18-BH18 -> 240 | BJ18: =BI18-T18 -> 240 | BK18: =DF18 -> 225 | BL18: =DISTRIBUSI!I16 -> 0 | BM18: ='PEMAKAIAN UNIT'!I15 -> 0 | BN18: =BK18+BL18-BM18 -> 225 | BO18: =BN18-U18 -> 60 | BP18: =DG18 -> 300 | BQ18: =DISTRIBUSI!J16 -> 100 | BR18: ='PEMAKAIAN UNIT'!J15 -> 0 | BS18: =BP18+BQ18-BR18 -> 400 | BT18: =BS18-V18 -> 115 | BU18: =DH18 -> 0 | BV18: =DISTRIBUSI!K16 -> 100 | BW18: ='PEMAKAIAN UNIT'!K15 -> 0 | BX18: =BU18+BV18-BW18 -> 100 | BY18: =BX18-W18 -> -60 | BZ18: =DI18 -> 205 | CA18: =DISTRIBUSI!L16 -> 0 | CB18: ='PEMAKAIAN UNIT'!L15 -> 0 | CC18: =BZ18+CA18-CB18 -> 205 | CD18: =CC18-X18 -> 35 | CE18: =DJ18 -> 0 | CF18: =DISTRIBUSI!M16 -> 0 | CG18: ='PEMAKAIAN UNIT'!M15 -> 0 | CH18: =CE18+CF18-CG18 -> 0 | CI18: =CH18-Y18 -> 0 | CJ18: =DK18 -> 0 | CK18: =DISTRIBUSI!#REF! -> #REF! | CL18: ='PEMAKAIAN UNIT'!N15 -> 0 | CM18: =CJ18+CK18-CL18 -> #REF! | CN18: =CM18-Z18 -> #REF! | CO18: =DL18+DISTRIBUSI!#REF!-'PEMAKAIAN UNIT'!O15 -> #REF! | CP18: =CO18-AA18 -> #REF! | CQ18: =DM18 -> 1079 | CR18: =DISTRIBUSI!R16 -> 0 | CS18: ='PEMAKAIAN UNIT'!P15 -> 0 | CT18: =CQ18+CR18-CS18 -> 1079 | CU18: =CT18-AB18 -> -10 | CV18: =DN18+DISTRIBUSI!#REF!-'PEMAKAIAN UNIT'!Q15 -> #REF! | CW18: =CV18-AC18 -> #REF! | CX18: =DO18+'LPLPO GUDANG'!E21-'LPLPO GUDANG'!G21 -> 1700 | CY18: =CX18-AD18 -> -1400 | DA18: 130 | DB18: 115 | DC18: 242 | DD18: 300 | DE18: 240 | DF18: 225 | DG18: 300 | DH18: 0 | DI18: 205 | DJ18: 0 | DK18: 0 | DL18: 700 | DM18: 1079 | DN18: 0 | DO18: 600 | DP18: =SUM(DA18:DO18) -> 4136 | DR18: Amoksisilin tab 500 mg | DU18: =H18+I18+J18+S18+T18+U18+V18+W18+X18+Y18+Z18+AA18+AC18 -> #REF!
A19: =A18+1 -> 8 | B19: Anestetik lokal gigi kombinasi : lidokain hcl 2% + epinefrin 1 : 80.000 inj 2 ml | C19: Ampul | D19: 0 | E19: ='LPLPO GUDANG'!E22 -> 100 | F19: =SUM(D19:E19) -> 100 | G19: ='PEMAKAIAN UNIT'!R16 -> 0 | H19: 0 | I19: 0 | J19: 0 | S19: 0 | T19: 0 | U19: 0 | V19: 0 | W19: 0 | X19: 0 | Y19: =CH19 -> 0 | Z19: =CM19 -> #REF! | AA19: =CO19 -> #REF! | AB19: 43 | AC19: =CV19 -> #REF! | AD19: ='LPLPO GUDANG'!H22 -> 0 | AE19: =SUM(H19:AD19) -> #REF! | AI19: =F19-G19 -> 100 | AJ19: =AE19-AI19 -> #REF! | AL19: =DA19 -> 0 | AM19: =DISTRIBUSI!D17 -> 0 | AN19: ='PEMAKAIAN UNIT'!D16 -> 0 | AO19: =AL19+AM19-AN19 -> 0 | AP19: =AO19-H19 -> 0 | AQ19: =DB19 -> 0 | AR19: =DISTRIBUSI!E17 -> 0 | AS19: ='PEMAKAIAN UNIT'!E16 -> 0 | AT19: =AQ19+AR19-AS19 -> 0 | AU19: =AT19-I19 -> 0 | AV19: =DC19 -> 0 | AW19: =DISTRIBUSI!F17 -> 0 | AX19: ='PEMAKAIAN UNIT'!F16 -> 0 | AY19: =AV19+AW19-AX19 -> 0 | AZ19: =AY19-J19 -> 0 | BA19: =DD19 -> 0 | BB19: =DISTRIBUSI!G17 -> 0 | BC19: ='PEMAKAIAN UNIT'!G16 -> 0 | BD19: =BA19+BB19-BC19 -> 0 | BE19: =BD19-S19 -> 0 | BF19: =DE19 -> 0 | BG19: =DISTRIBUSI!H17 -> 0 | BH19: ='PEMAKAIAN UNIT'!H16 -> 0 | BI19: =BF19+BG19-BH19 -> 0 | BJ19: =BI19-T19 -> 0 | BK19: =DF19 -> 0 | BL19: =DISTRIBUSI!I17 -> 0 | BM19: ='PEMAKAIAN UNIT'!I16 -> 0 | BN19: =BK19+BL19-BM19 -> 0 | BO19: =BN19-U19 -> 0 | BP19: =DG19 -> 0 | BQ19: =DISTRIBUSI!J17 -> 0 | BR19: ='PEMAKAIAN UNIT'!J16 -> 0 | BS19: =BP19+BQ19-BR19 -> 0 | BT19: =BS19-V19 -> 0 | BU19: =DH19 -> 0 | BV19: =DISTRIBUSI!K17 -> 0 | BW19: ='PEMAKAIAN UNIT'!K16 -> 0 | BX19: =BU19+BV19-BW19 -> 0 | BY19: =BX19-W19 -> 0 | BZ19: =DI19 -> 0 | CA19: =DISTRIBUSI!L17 -> 0 | CB19: ='PEMAKAIAN UNIT'!L16 -> 0 | CC19: =BZ19+CA19-CB19 -> 0 | CD19: =CC19-X19 -> 0 | CE19: =DJ19 -> 0 | CF19: =DISTRIBUSI!M17 -> 0 | CG19: ='PEMAKAIAN UNIT'!M16 -> 0 | CH19: =CE19+CF19-CG19 -> 0 | CI19: =CH19-Y19 -> 0 | CJ19: =DK19 -> 0 | CK19: =DISTRIBUSI!#REF! -> #REF! | CL19: ='PEMAKAIAN UNIT'!N16 -> 0 | CM19: =CJ19+CK19-CL19 -> #REF! | CN19: =CM19-Z19 -> #REF! | CO19: =DL19+DISTRIBUSI!#REF!-'PEMAKAIAN UNIT'!O16 -> #REF! | CP19: =CO19-AA19 -> #REF! | CQ19: =DM19 -> 39 | CR19: =DISTRIBUSI!R17 -> 35 | CS19: ='PEMAKAIAN UNIT'!P16 -> 0 | CT19: =CQ19+CR19-CS19 -> 74 | CU19: =CT19-AB19 -> 31 | CV19: =DN19+DISTRIBUSI!#REF!-'PEMAKAIAN UNIT'!Q16 -> #REF! | CW19: =CV19-AC19 -> #REF! | CX19: =DO19+'LPLPO GUDANG'!E22-'LPLPO GUDANG'!G22 -> 0 | CY19: =CX19-AD19 -> 0 | DA19: 0 | DC19: 0 | DD19: 0 | DE19: 0 | DH19: 0 | DI19: 0 | DJ19: 0 | DK19: 0 | DL19: 0 | DM19: 39 | DN19: 0 | DO19: 0 | DP19: =SUM(DA19:DO19) -> 39 | DR19: Anestetik lokal gigi kombinasi : lidokain hcl 2% + epinefrin 1 : 80.000 inj 2 ml | DU19: =H19+I19+J19+S19+T19+U19+V19+W19+X19+Y19+Z19+AA19+AC19 -> #REF!
A20: =A19+1 -> 9 | B20: Antasida, kombinasi : aluminium hidroksida 200 mg + magnesium hidroksida 200 mg | C20: Btl 60 ml | D20: 0 | E20: ='LPLPO GUDANG'!E23 -> 50 | F20: =SUM(D20:E20) -> 50 | G20: ='PEMAKAIAN UNIT'!R17 -> 0 | H20: 0 | J20: 0 | S20: 0 | T20: 0 | U20: 5 | V20: 0 | W20: 0 | X20: 13 | Y20: =CH20 -> 0 | Z20: =CM20 -> #REF! | AA20: =CO20 -> #REF! | AB20: 36 | AC20: =CV20 -> #REF! | AD20: ='LPLPO GUDANG'!H23 -> 80 | AE20: =SUM(H20:AD20) -> #REF! | AI20: =F20-G20 -> 50 | AJ20: =AE20-AI20 -> #REF! | AL20: =DA20 -> 0 | AM20: =DISTRIBUSI!D18 -> 0 | AN20: ='PEMAKAIAN UNIT'!D17 -> 0 | AO20: =AL20+AM20-AN20 -> 0 | AP20: =AO20-H20 -> 0 | AQ20: =DB20 -> 0 | AR20: =DISTRIBUSI!E18 -> 0 | AS20: ='PEMAKAIAN UNIT'!E17 -> 0 | AT20: =AQ20+AR20-AS20 -> 0 | AU20: =AT20-I20 -> 0 | AV20: =DC20 -> 0 | AW20: =DISTRIBUSI!F18 -> 0 | AX20: ='PEMAKAIAN UNIT'!F17 -> 0 | AY20: =AV20+AW20-AX20 -> 0 | AZ20: =AY20-J20 -> 0 | BA20: =DD20 -> 3 | BB20: =DISTRIBUSI!G18 -> 0 | BC20: ='PEMAKAIAN UNIT'!G17 -> 0 | BD20: =BA20+BB20-BC20 -> 3 | BE20: =BD20-S20 -> 3 | BF20: =DE20 -> 0 | BG20: =DISTRIBUSI!H18 -> 0 | BH20: ='PEMAKAIAN UNIT'!H17 -> 0 | BI20: =BF20+BG20-BH20 -> 0 | BJ20: =BI20-T20 -> 0 | BK20: =DF20 -> 8 | BL20: =DISTRIBUSI!I18 -> 0 | BM20: ='PEMAKAIAN UNIT'!I17 -> 0 | BN20: =BK20+BL20-BM20 -> 8 | BO20: =BN20-U20 -> 3 | BP20: =DG20 -> 0 | BQ20: =DISTRIBUSI!J18 -> 0 | BR20: ='PEMAKAIAN UNIT'!J17 -> 0 | BS20: =BP20+BQ20-BR20 -> 0 | BT20: =BS20-V20 -> 0 | BU20: =DH20 -> 0 | BV20: =DISTRIBUSI!K18 -> 0 | BW20: ='PEMAKAIAN UNIT'!K17 -> 0 | BX20: =BU20+BV20-BW20 -> 0 | BY20: =BX20-W20 -> 0 | BZ20: =DI20 -> 18 | CA20: =DISTRIBUSI!L18 -> 0 | CB20: ='PEMAKAIAN UNIT'!L17 -> 0 | CC20: =BZ20+CA20-CB20 -> 18 | CD20: =CC20-X20 -> 5 | CE20: =DJ20 -> 0 | CF20: =DISTRIBUSI!M18 -> 0 | CG20: ='PEMAKAIAN UNIT'!M17 -> 0 | CH20: =CE20+CF20-CG20 -> 0 | CI20: =CH20-Y20 -> 0 | CJ20: =DK20 -> 0 | CK20: =DISTRIBUSI!#REF! -> #REF! | CL20: ='PEMAKAIAN UNIT'!N17 -> 0 | CM20: =CJ20+CK20-CL20 -> #REF! | CN20: =CM20-Z20 -> #REF! | CO20: =DL20+DISTRIBUSI!#REF!-'PEMAKAIAN UNIT'!O17 -> #REF! | CP20: =CO20-AA20 -> #REF! | CQ20: =DM20 -> 5 | CR20: =DISTRIBUSI!R18 -> 50 | CS20: ='PEMAKAIAN UNIT'!P17 -> 0 | CT20: =CQ20+CR20-CS20 -> 55 | CU20: =CT20-AB20 -> 19 | CV20: =DN20+DISTRIBUSI!#REF!-'PEMAKAIAN UNIT'!Q17 -> #REF! | CW20: =CV20-AC20 -> #REF! | CX20: =DO20+'LPLPO GUDANG'!E23-'LPLPO GUDANG'!G23 -> -10 | CY20: =CX20-AD20 -> -90 | DA20: 0 | DC20: 0 | DD20: 3 | DE20: 0 | DF20: 8 | DG20: 0 | DH20: 0 | DI20: 18 | DJ20: 0 | DK20: 0 | DL20: 0 | DM20: 5 | DN20: 0 | DO20: 0 | DP20: =SUM(DA20:DO20) -> 34 | DR20: Antasida, kombinasi : aluminium hidroksida 200 mg + magnesium hidroksida 200 mg | DU20: =H20+I20+J20+S20+T20+U20+V20+W20+X20+Y20+Z20+AA20+AC20 -> #REF!
A21: =A20+1 -> 10 | B21: Antasida, kombinasi : aluminium hidroksida 200 mg + magnesium hidroksida 200 mg | C21: Ktk @ 100 tablet | D21: 0 | E21: ='LPLPO GUDANG'!E24 -> 1000 | F21: =SUM(D21:E21) -> 1000 | G21: ='PEMAKAIAN UNIT'!R18 -> 0 | H21: 170 | I21: 0 | J21: 0 | S21: 110 | T21: 0 | U21: 120 | V21: 150 | W21: 50 | X21: 35 | Y21: =CH21 -> 0 | Z21: =CM21 -> #REF! | AA21: =CO21 -> #REF! | AB21: 1787 | AC21: =CV21 -> #REF! | AD21: ='LPLPO GUDANG'!H24 -> 1900 | AE21: =SUM(H21:AD21) -> #REF! | AI21: =F21-G21 -> 1000 | AJ21: =AE21-AI21 -> #REF! | AL21: =DA21 -> 260 | AM21: =DISTRIBUSI!D19 -> 0 | AN21: ='PEMAKAIAN UNIT'!D18 -> 0 | AO21: =AL21+AM21-AN21 -> 260 | AP21: =AO21-H21 -> 90 | AQ21: =DB21 -> 60 | AR21: =DISTRIBUSI!E19 -> 0 | AS21: ='PEMAKAIAN UNIT'!E18 -> 0 | AT21: =AQ21+AR21-AS21 -> 60 | AU21: =AT21-I21 -> 60 | AV21: =DC21 -> 214 | AW21: =DISTRIBUSI!F19 -> 100 | AX21: ='PEMAKAIAN UNIT'!F18 -> 0 | AY21: =AV21+AW21-AX21 -> 314 | AZ21: =AY21-J21 -> 314 | BA21: =DD21 -> 140 | BB21: =DISTRIBUSI!G19 -> 0 | BC21: ='PEMAKAIAN UNIT'!G18 -> 0 | BD21: =BA21+BB21-BC21 -> 140 | BE21: =BD21-S21 -> 30 | BF21: =DE21 -> 300 | BG21: =DISTRIBUSI!H19 -> 0 | BH21: ='PEMAKAIAN UNIT'!H18 -> 0 | BI21: =BF21+BG21-BH21 -> 300 | BJ21: =BI21-T21 -> 300 | BK21: =DF21 -> 150 | BL21: =DISTRIBUSI!I19 -> 0 | BM21: ='PEMAKAIAN UNIT'!I18 -> 0 | BN21: =BK21+BL21-BM21 -> 150 | BO21: =BN21-U21 -> 30 | BP21: =DG21 -> 240 | BQ21: =DISTRIBUSI!J19 -> 100 | BR21: ='PEMAKAIAN UNIT'!J18 -> 0 | BS21: =BP21+BQ21-BR21 -> 340 | BT21: =BS21-V21 -> 190 | BU21: =DH21 -> 140 | BV21: =DISTRIBUSI!K19 -> 100 | BW21: ='PEMAKAIAN UNIT'!K18 -> 0 | BX21: =BU21+BV21-BW21 -> 240 | BY21: =BX21-W21 -> 190 | BZ21: =DI21 -> 55 | CA21: =DISTRIBUSI!L19 -> 0 | CB21: ='PEMAKAIAN UNIT'!L18 -> 0 | CC21: =BZ21+CA21-CB21 -> 55 | CD21: =CC21-X21 -> 20 | CE21: =DJ21 -> 0 | CF21: =DISTRIBUSI!M19 -> 0 | CG21: ='PEMAKAIAN UNIT'!M18 -> 0 | CH21: =CE21+CF21-CG21 -> 0 | CI21: =CH21-Y21 -> 0 | CJ21: =DK21 -> 0 | CK21: =DISTRIBUSI!#REF! -> #REF! | CL21: ='PEMAKAIAN UNIT'!N18 -> 0 | CM21: =CJ21+CK21-CL21 -> #REF! | CN21: =CM21-Z21 -> #REF! | CO21: =DL21+DISTRIBUSI!#REF!-'PEMAKAIAN UNIT'!O18 -> #REF! | CP21: =CO21-AA21 -> #REF! | CQ21: =DM21 -> 732 | CR21: =DISTRIBUSI!R19 -> 0 | CS21: ='PEMAKAIAN UNIT'!P18 -> 0 | CT21: =CQ21+CR21-CS21 -> 732 | CU21: =CT21-AB21 -> -1055 | CV21: =DN21+DISTRIBUSI!#REF!-'PEMAKAIAN UNIT'!Q18 -> #REF! | CW21: =CV21-AC21 -> #REF! | CX21: =DO21+'LPLPO GUDANG'!E24-'LPLPO GUDANG'!G24 -> 1400 | CY21: =CX21-AD21 -> -500 | DA21: 260 | DB21: 60 | DC21: 214 | DD21: 140 | DE21: 300 | DF21: 150 | DG21: 240 | DH21: 140 | DI21: 55 | DJ21: 0 | DK21: 0 | DL21: 0 | DM21: 732 | DN21: 0 | DO21: 900 | DP21: =SUM(DA21:DO21) -> 3191 | DR21: Antasida, kombinasi : aluminium hidroksida 200 mg + magnesium hidroksida 200 mg | DU21: =H21+I21+J21+S21+T21+U21+V21+W21+X21+Y21+Z21+AA21+AC21 -> #REF!
A22: =A21+1 -> 11 | B22: Anti Tetanus Serum ( ATS ) 1500 IU | C22: Ampul | D22: 0 | E22: ='LPLPO GUDANG'!E25 -> 0 | F22: =SUM(D22:E22) -> 0 | G22: ='PEMAKAIAN UNIT'!R19 -> 0 | H22: 0 | I22: 0 | J22: 0 | S22: 0 | T22: 0 | U22: 0 | V22: 0 | W22: 0 | X22: 0 | Y22: =CH22 -> 0 | Z22: =CM22 -> #REF! | AA22: =CO22 -> #REF! | AB22: 9 | AC22: =CV22 -> #REF! | AD22: ='LPLPO GUDANG'!H25 -> 0 | AE22: =SUM(H22:AD22) -> #REF! | AI22: =F22-G22 -> 0 | AJ22: =AE22-AI22 -> #REF! | AL22: =DA22 -> 0 | AM22: =DISTRIBUSI!D20 -> 0 | AN22: ='PEMAKAIAN UNIT'!D19 -> 0 | AO22: =AL22+AM22-AN22 -> 0 | AP22: =AO22-H22 -> 0 | AQ22: =DB22 -> 0 | AR22: =DISTRIBUSI!E20 -> 0 | AS22: ='PEMAKAIAN UNIT'!E19 -> 0 | AT22: =AQ22+AR22-AS22 -> 0 | AU22: =AT22-I22 -> 0 | AV22: =DC22 -> 0 | AW22: =DISTRIBUSI!F20 -> 0 | AX22: ='PEMAKAIAN UNIT'!F19 -> 0 | AY22: =AV22+AW22-AX22 -> 0 | AZ22: =AY22-J22 -> 0 | BA22: =DD22 -> 0 | BB22: =DISTRIBUSI!G20 -> 0 | BC22: ='PEMAKAIAN UNIT'!G19 -> 0 | BD22: =BA22+BB22-BC22 -> 0 | BE22: =BD22-S22 -> 0 | BF22: =DE22 -> 0 | BG22: =DISTRIBUSI!H20 -> 0 | BH22: ='PEMAKAIAN UNIT'!H19 -> 0 | BI22: =BF22+BG22-BH22 -> 0 | BJ22: =BI22-T22 -> 0 | BK22: =DF22 -> 0 | BL22: =DISTRIBUSI!I20 -> 0 | BM22: ='PEMAKAIAN UNIT'!I19 -> 0 | BN22: =BK22+BL22-BM22 -> 0 | BO22: =BN22-U22 -> 0 | BP22: =DG22 -> 0 | BQ22: =DISTRIBUSI!J20 -> 0 | BR22: ='PEMAKAIAN UNIT'!J19 -> 0 | BS22: =BP22+BQ22-BR22 -> 0 | BT22: =BS22-V22 -> 0 | BU22: =DH22 -> 0 | BV22: =DISTRIBUSI!K20 -> 0 | BW22: ='PEMAKAIAN UNIT'!K19 -> 0 | BX22: =BU22+BV22-BW22 -> 0 | BY22: =BX22-W22 -> 0 | BZ22: =DI22 -> 0 | CA22: =DISTRIBUSI!L20 -> 0 | CB22: ='PEMAKAIAN UNIT'!L19 -> 0 | CC22: =BZ22+CA22-CB22 -> 0 | CD22: =CC22-X22 -> 0 | CE22: =DJ22 -> 0 | CF22: =DISTRIBUSI!M20 -> 0 | CG22: ='PEMAKAIAN UNIT'!M19 -> 0 | CH22: =CE22+CF22-CG22 -> 0 | CI22: =CH22-Y22 -> 0 | CJ22: =DK22 -> 0 | CK22: =DISTRIBUSI!#REF! -> #REF! | CL22: ='PEMAKAIAN UNIT'!N19 -> 0 | CM22: =CJ22+CK22-CL22 -> #REF! | CN22: =CM22-Z22 -> #REF! | CO22: =DL22+DISTRIBUSI!#REF!-'PEMAKAIAN UNIT'!O19 -> #REF! | CP22: =CO22-AA22 -> #REF! | CQ22: =DM22 -> 9 | CR22: =DISTRIBUSI!R20 -> 0 | CS22: ='PEMAKAIAN UNIT'!P19 -> 0 | CT22: =CQ22+CR22-CS22 -> 9 | CU22: =CT22-AB22 -> 0 | CV22: =DN22+DISTRIBUSI!#REF!-'PEMAKAIAN UNIT'!Q19 -> #REF! | CW22: =CV22-AC22 -> #REF! | CX22: =DO22+'LPLPO GUDANG'!E25-'LPLPO GUDANG'!G25 -> 0 | CY22: =CX22-AD22 -> 0 | DA22: 0 | DC22: 0 | DD22: 0 | DE22: 0 | DG22: 0 | DH22: 0 | DI22: 0 | DJ22: 0 | DK22: 0 | DL22: 0 | DM22: 9 | DN22: 0 | DO22: 0 | DP22: =SUM(DA22:DO22) -> 9 | DR22: Anti Tetanus Serum ( ATS ) 1500 IU | DU22: =H22+I22+J22+S22+T22+U22+V22+W22+X22+Y22+Z22+AA22+AC22 -> #REF!
A23: =A22+1 -> 12 | B23: Antihemoroid, kombinasi: bismut subgalat 150 mg + heksaklorofen 2,5 mg + lidokain lidokain 10 mg+ seng oksida 120 mg + sup ad 2 g | C23: Suppositoria | D23: 0 | E23: ='LPLPO GUDANG'!E26 -> 0 | F23: =SUM(D23:E23) -> 0 | G23: ='PEMAKAIAN UNIT'!R20 -> 0 | H23: 0 | I23: 0 | J23: 0 | S23: 0 | T23: 0 | U23: 0 | V23: 0 | W23: 0 | X23: 0 | Y23: =CH23 -> 0 | Z23: =CM23 -> #REF! | AA23: =CO23 -> #REF! | AB23: 0 | AC23: =CV23 -> #REF! | AD23: ='LPLPO GUDANG'!H26 -> 20 | AE23: =SUM(H23:AD23) -> #REF! | AI23: =F23-G23 -> 0 | AJ23: =AE23-AI23 -> #REF! | AL23: =DA23 -> 0 | AM23: =DISTRIBUSI!D21 -> 0 | AN23: ='PEMAKAIAN UNIT'!D20 -> 0 | AO23: =AL23+AM23-AN23 -> 0 | AP23: =AO23-H23 -> 0 | AQ23: =DB23 -> 0 | AR23: =DISTRIBUSI!E21 -> 0 | AS23: ='PEMAKAIAN UNIT'!E20 -> 0 | AT23: =AQ23+AR23-AS23 -> 0 | AU23: =AT23-I23 -> 0 | AV23: =DC23 -> 0 | AW23: =DISTRIBUSI!F21 -> 0 | AX23: ='PEMAKAIAN UNIT'!F20 -> 0 | AY23: =AV23+AW23-AX23 -> 0 | AZ23: =AY23-J23 -> 0 | BA23: =DD23 -> 0 | BB23: =DISTRIBUSI!G21 -> 0 | BC23: ='PEMAKAIAN UNIT'!G20 -> 0 | BD23: =BA23+BB23-BC23 -> 0 | BE23: =BD23-S23 -> 0 | BF23: =DE23 -> 0 | BG23: =DISTRIBUSI!H21 -> 0 | BH23: ='PEMAKAIAN UNIT'!H20 -> 0 | BI23: =BF23+BG23-BH23 -> 0 | BJ23: =BI23-T23 -> 0 | BK23: =DF23 -> 0 | BL23: =DISTRIBUSI!I21 -> 0 | BM23: ='PEMAKAIAN UNIT'!I20 -> 0 | BN23: =BK23+BL23-BM23 -> 0 | BO23: =BN23-U23 -> 0 | BP23: =DG23 -> 0 | BQ23: =DISTRIBUSI!J21 -> 0 | BR23: ='PEMAKAIAN UNIT'!J20 -> 0 | BS23: =BP23+BQ23-BR23 -> 0 | BT23: =BS23-V23 -> 0 | BU23: =DH23 -> 0 | BV23: =DISTRIBUSI!K21 -> 0 | BW23: ='PEMAKAIAN UNIT'!K20 -> 0 | BX23: =BU23+BV23-BW23 -> 0 | BY23: =BX23-W23 -> 0 | BZ23: =DI23 -> 0 | CA23: =DISTRIBUSI!L21 -> 0 | CB23: ='PEMAKAIAN UNIT'!L20 -> 0 | CC23: =BZ23+CA23-CB23 -> 0 | CD23: =CC23-X23 -> 0 | CE23: =DJ23 -> 0 | CF23: =DISTRIBUSI!M21 -> 0 | CG23: ='PEMAKAIAN UNIT'!M20 -> 0 | CH23: =CE23+CF23-CG23 -> 0 | CI23: =CH23-Y23 -> 0 | CJ23: =DK23 -> 0 | CK23: =DISTRIBUSI!#REF! -> #REF! | CL23: ='PEMAKAIAN UNIT'!N20 -> 0 | CM23: =CJ23+CK23-CL23 -> #REF! | CN23: =CM23-Z23 -> #REF! | CO23: =DL23+DISTRIBUSI!#REF!-'PEMAKAIAN UNIT'!O20 -> #REF! | CP23: =CO23-AA23 -> #REF! | CQ23: =DM23 -> 11 | CR23: =DISTRIBUSI!R21 -> 0 | CS23: ='PEMAKAIAN UNIT'!P20 -> 0 | CT23: =CQ23+CR23-CS23 -> 11 | CU23: =CT23-AB23 -> 11 | CV23: =DN23+DISTRIBUSI!#REF!-'PEMAKAIAN UNIT'!Q20 -> #REF! | CW23: =CV23-AC23 -> #REF! | CX23: =DO23+'LPLPO GUDANG'!E26-'LPLPO GUDANG'!G26 -> 10 | CY23: =CX23-AD23 -> -10 | DA23: 0 | DC23: 0 | DD23: 0 | DE23: 0 | DG23: 0 | DH23: 0 | DI23: 0 | DJ23: 0 | DK23: 0 | DL23: 0 | DM23: 11 | DN23: 0 | DO23: 10 | DP23: =SUM(DA23:DO23) -> 21 | DR23: Antihemoroid, kombinasi: bismut subgalat 150 mg + heksaklorofen 2,5 mg + lidokain lidokain 10 mg+ seng oksida 120 mg + sup ad 2 g | DU23: =H23+I23+J23+S23+T23+U23+V23+W23+X23+Y23+Z23+AA23+AC23 -> #REF!
A24: =A23+1 -> 13 | B24: Asam asetilsalisilat tab 80 mg (Miniaspi) | C24: Ktk @ 100 tablet | D24: 0 | E24: ='LPLPO GUDANG'!E27 -> 0 | F24: =SUM(D24:E24) -> 0 | G24: ='PEMAKAIAN UNIT'!R21 -> 0 | H24: 0 | I24: 0 | J24: 0 | S24: 0 | T24: 0 | U24: 0 | V24: 0 | W24: 0 | X24: 0 | Y24: =CH24 -> 0 | Z24: =CM24 -> #REF! | AA24: =CO24 -> #REF! | AB24: 0 | AC24: =CV24 -> #REF! | AD24: ='LPLPO GUDANG'!H27 -> 0 | AE24: =SUM(H24:AD24) -> #REF! | AI24: =F24-G24 -> 0 | AJ24: =AE24-AI24 -> #REF! | AL24: =DA24 -> 0 | AM24: =DISTRIBUSI!D22 -> 0 | AN24: ='PEMAKAIAN UNIT'!D21 -> 0 | AO24: =AL24+AM24-AN24 -> 0 | AP24: =AO24-H24 -> 0 | AQ24: =DB24 -> 0 | AR24: =DISTRIBUSI!E22 -> 0 | AS24: ='PEMAKAIAN UNIT'!E21 -> 0 | AT24: =AQ24+AR24-AS24 -> 0 | AU24: =AT24-I24 -> 0 | AV24: =DC24 -> 0 | AW24: =DISTRIBUSI!F22 -> 0 | AX24: ='PEMAKAIAN UNIT'!F21 -> 0 | AY24: =AV24+AW24-AX24 -> 0 | AZ24: =AY24-J24 -> 0 | BA24: =DD24 -> 0 | BB24: =DISTRIBUSI!G22 -> 0 | BC24: ='PEMAKAIAN UNIT'!G21 -> 0 | BD24: =BA24+BB24-BC24 -> 0 | BE24: =BD24-S24 -> 0 | BF24: =DE24 -> 0 | BG24: =DISTRIBUSI!H22 -> 0 | BH24: ='PEMAKAIAN UNIT'!H21 -> 0 | BI24: =BF24+BG24-BH24 -> 0 | BJ24: =BI24-T24 -> 0 | BK24: =DF24 -> 0 | BL24: =DISTRIBUSI!I22 -> 0 | BM24: ='PEMAKAIAN UNIT'!I21 -> 0 | BN24: =BK24+BL24-BM24 -> 0 | BO24: =BN24-U24 -> 0 | BP24: =DG24 -> 0 | BQ24: =DISTRIBUSI!J22 -> 0 | BR24: ='PEMAKAIAN UNIT'!J21 -> 0 | BS24: =BP24+BQ24-BR24 -> 0 | BT24: =BS24-V24 -> 0 | BU24: =DH24 -> 0 | BV24: =DISTRIBUSI!K22 -> 0 | BW24: ='PEMAKAIAN UNIT'!K21 -> 0 | BX24: =BU24+BV24-BW24 -> 0 | BY24: =BX24-W24 -> 0 | BZ24: =DI24 -> 0 | CA24: =DISTRIBUSI!L22 -> 0 | CB24: ='PEMAKAIAN UNIT'!L21 -> 0 | CC24: =BZ24+CA24-CB24 -> 0 | CD24: =CC24-X24 -> 0 | CE24: =DJ24 -> 0 | CF24: =DISTRIBUSI!M22 -> 0 | CG24: ='PEMAKAIAN UNIT'!M21 -> 0 | CH24: =CE24+CF24-CG24 -> 0 | CI24: =CH24-Y24 -> 0 | CJ24: =DK24 -> 0 | CK24: =DISTRIBUSI!#REF! -> #REF! | CL24: ='PEMAKAIAN UNIT'!N21 -> 0 | CM24: =CJ24+CK24-CL24 -> #REF! | CN24: =CM24-Z24 -> #REF! | CO24: =DL24+DISTRIBUSI!#REF!-'PEMAKAIAN UNIT'!O21 -> #REF! | CP24: =CO24-AA24 -> #REF! | CQ24: =DM24 -> 0 | CR24: =DISTRIBUSI!R22 -> 0 | CS24: ='PEMAKAIAN UNIT'!P21 -> 0 | CT24: =CQ24+CR24-CS24 -> 0 | CU24: =CT24-AB24 -> 0 | CV24: =DN24+DISTRIBUSI!#REF!-'PEMAKAIAN UNIT'!Q21 -> #REF! | CW24: =CV24-AC24 -> #REF! | CX24: =DO24+'LPLPO GUDANG'!E27-'LPLPO GUDANG'!G27 -> 0 | CY24: =CX24-AD24 -> 0 | DA24: 0 | DB24: 0 | DC24: 0 | DD24: 0 | DE24: 0 | DG24: 0 | DH24: 0 | DI24: 0 | DJ24: 0 | DK24: 0 | DL24: 0 | DM24: 0 | DN24: 0 | DO24: 0 | DP24: =SUM(DA24:DO24) -> 0 | DR24: Asam asetilsalisilat tab 80 mg (Miniaspi) | DU24: =H24+I24+J24+S24+T24+U24+V24+W24+X24+Y24+Z24+AA24+AC24 -> #REF!
A25: =A24+1 -> 14 | B25: Asam askorbat (vitamin C) tab 250 mg | C25: Ktk @ 100 tablet | D25: 0 | E25: ='LPLPO GUDANG'!E28 -> 0 | F25: =SUM(D25:E25) -> 0 | G25: ='PEMAKAIAN UNIT'!R22 -> 0 | H25: 0 | I25: 0 | J25: 0 | S25: 0 | T25: 0 | U25: 0 | V25: 0 | W25: 0 | X25: 0 | Y25: =CH25 -> 0 | Z25: =CM25 -> #REF! | AA25: =CO25 -> #REF! | AB25: 0 | AC25: =CV25 -> #REF! | AD25: ='LPLPO GUDANG'!H28 -> 0 | AE25: =SUM(H25:AD25) -> #REF! | AI25: =F25-G25 -> 0 | AJ25: =AE25-AI25 -> #REF! | AL25: =DA25 -> 0 | AM25: =DISTRIBUSI!D23 -> 0 | AN25: ='PEMAKAIAN UNIT'!D22 -> 0 | AO25: =AL25+AM25-AN25 -> 0 | AP25: =AO25-H25 -> 0 | AQ25: =DB25 -> 0 | AR25: =DISTRIBUSI!E23 -> 0 | AS25: ='PEMAKAIAN UNIT'!E22 -> 0 | AT25: =AQ25+AR25-AS25 -> 0 | AU25: =AT25-I25 -> 0 | AV25: =DC25 -> 0 | AW25: =DISTRIBUSI!F23 -> 0 | AX25: ='PEMAKAIAN UNIT'!F22 -> 0 | AY25: =AV25+AW25-AX25 -> 0 | AZ25: =AY25-J25 -> 0 | BA25: =DD25 -> 0 | BB25: =DISTRIBUSI!G23 -> 0 | BC25: ='PEMAKAIAN UNIT'!G22 -> 0 | BD25: =BA25+BB25-BC25 -> 0 | BE25: =BD25-S25 -> 0 | BF25: =DE25 -> 0 | BG25: =DISTRIBUSI!H23 -> 0 | BH25: ='PEMAKAIAN UNIT'!H22 -> 0 | BI25: =BF25+BG25-BH25 -> 0 | BJ25: =BI25-T25 -> 0 | BK25: =DF25 -> 0 | BL25: =DISTRIBUSI!I23 -> 0 | BM25: ='PEMAKAIAN UNIT'!I22 -> 0 | BN25: =BK25+BL25-BM25 -> 0 | BO25: =BN25-U25 -> 0 | BP25: =DG25 -> 0 | BQ25: =DISTRIBUSI!J23 -> 0 | BR25: ='PEMAKAIAN UNIT'!J22 -> 0 | BS25: =BP25+BQ25-BR25 -> 0 | BT25: =BS25-V25 -> 0 | BU25: =DH25 -> 0 | BV25: =DISTRIBUSI!K23 -> 0 | BW25: ='PEMAKAIAN UNIT'!K22 -> 0 | BX25: =BU25+BV25-BW25 -> 0 | BY25: =BX25-W25 -> 0 | BZ25: =DI25 -> 0 | CA25: =DISTRIBUSI!L23 -> 0 | CB25: ='PEMAKAIAN UNIT'!L22 -> 0 | CC25: =BZ25+CA25-CB25 -> 0 | CD25: =CC25-X25 -> 0 | CE25: =DJ25 -> 0 | CF25: =DISTRIBUSI!M23 -> 0 | CG25: ='PEMAKAIAN UNIT'!M22 -> 0 | CH25: =CE25+CF25-CG25 -> 0 | CI25: =CH25-Y25 -> 0 | CJ25: =DK25 -> 0 | CK25: =DISTRIBUSI!#REF! -> #REF! | CL25: ='PEMAKAIAN UNIT'!N22 -> 0 | CM25: =CJ25+CK25-CL25 -> #REF! | CN25: =CM25-Z25 -> #REF! | CO25: =DL25+DISTRIBUSI!#REF!-'PEMAKAIAN UNIT'!O22 -> #REF! | CP25: =CO25-AA25 -> #REF! | CQ25: =DM25 -> 0 | CR25: =DISTRIBUSI!R23 -> 0 | CS25: ='PEMAKAIAN UNIT'!P22 -> 0 | CT25: =CQ25+CR25-CS25 -> 0 | CU25: =CT25-AB25 -> 0 | CV25: =DN25+DISTRIBUSI!#REF!-'PEMAKAIAN UNIT'!Q22 -> #REF! | CW25: =CV25-AC25 -> #REF! | CX25: =DO25+'LPLPO GUDANG'!E28-'LPLPO GUDANG'!G28 -> 0 | CY25: =CX25-AD25 -> 0 | DA25: 0 | DB25: 0 | DD25: 0 | DE25: 0 | DF25: 0 | DG25: 0 | DH25: 0 | DI25: 0 | DJ25: 0 | DK25: 0 | DL25: 0 | DM25: 0 | DN25: 0 | DO25: 0 | DP25: =SUM(DA25:DO25) -> 0 | DR25: Asam askorbat (vitamin C) tab 250 mg | DU25: =H25+I25+J25+S25+T25+U25+V25+W25+X25+Y25+Z25+AA25+AC25 -> #REF!
A26: =A25+1 -> 15 | B26: Asam askorbat (vitamin C) tab 50 mg | C26: Ktk @ 100 tablet | D26: 0 | E26: ='LPLPO GUDANG'!E29 -> 0 | F26: =SUM(D26:E26) -> 0 | G26: ='PEMAKAIAN UNIT'!R23 -> 0 | H26: 0 | I26: 0 | J26: 0 | S26: 0 | T26: 0 | U26: 0 | V26: 0 | W26: 0 | X26: 0 | Y26: =CH26 -> 0 | Z26: =CM26 -> #REF! | AA26: =CO26 -> #REF! | AB26: 0 | AC26: =CV26 -> #REF! | AD26: ='LPLPO GUDANG'!H29 -> 0 | AE26: =SUM(H26:AD26) -> #REF! | AI26: =F26-G26 -> 0 | AJ26: =AE26-AI26 -> #REF! | AL26: =DA26 -> 0 | AM26: =DISTRIBUSI!D24 -> 0 | AN26: ='PEMAKAIAN UNIT'!D23 -> 0 | AO26: =AL26+AM26-AN26 -> 0 | AP26: =AO26-H26 -> 0 | AQ26: =DB26 -> 0 | AR26: =DISTRIBUSI!E24 -> 0 | AS26: ='PEMAKAIAN UNIT'!E23 -> 0 | AT26: =AQ26+AR26-AS26 -> 0 | AU26: =AT26-I26 -> 0 | AV26: =DC26 -> 0 | AW26: =DISTRIBUSI!F24 -> 0 | AX26: ='PEMAKAIAN UNIT'!F23 -> 0 | AY26: =AV26+AW26-AX26 -> 0 | AZ26: =AY26-J26 -> 0 | BA26: =DD26 -> 0 | BB26: =DISTRIBUSI!G24 -> 0 | BC26: ='PEMAKAIAN UNIT'!G23 -> 0 | BD26: =BA26+BB26-BC26 -> 0 | BE26: =BD26-S26 -> 0 | BF26: =DE26 -> 0 | BG26: =DISTRIBUSI!H24 -> 0 | BH26: ='PEMAKAIAN UNIT'!H23 -> 0 | BI26: =BF26+BG26-BH26 -> 0 | BJ26: =BI26-T26 -> 0 | BK26: =DF26 -> 0 | BL26: =DISTRIBUSI!I24 -> 0 | BM26: ='PEMAKAIAN UNIT'!I23 -> 0 | BN26: =BK26+BL26-BM26 -> 0 | BO26: =BN26-U26 -> 0 | BP26: =DG26 -> 0 | BQ26: =DISTRIBUSI!J24 -> 0 | BR26: ='PEMAKAIAN UNIT'!J23 -> 0 | BS26: =BP26+BQ26-BR26 -> 0 | BT26: =BS26-V26 -> 0 | BU26: =DH26 -> 0 | BV26: =DISTRIBUSI!K24 -> 0 | BW26: ='PEMAKAIAN UNIT'!K23 -> 0 | BX26: =BU26+BV26-BW26 -> 0 | BY26: =BX26-W26 -> 0 | BZ26: =DI26 -> 0 | CA26: =DISTRIBUSI!L24 -> 0 | CB26: ='PEMAKAIAN UNIT'!L23 -> 0 | CC26: =BZ26+CA26-CB26 -> 0 | CD26: =CC26-X26 -> 0 | CE26: =DJ26 -> 0 | CF26: =DISTRIBUSI!M24 -> 0 | CG26: ='PEMAKAIAN UNIT'!M23 -> 0 | CH26: =CE26+CF26-CG26 -> 0 | CI26: =CH26-Y26 -> 0 | CJ26: =DK26 -> 0 | CK26: =DISTRIBUSI!#REF! -> #REF! | CL26: ='PEMAKAIAN UNIT'!N23 -> 0 | CM26: =CJ26+CK26-CL26 -> #REF! | CN26: =CM26-Z26 -> #REF! | CO26: =DL26+DISTRIBUSI!#REF!-'PEMAKAIAN UNIT'!O23 -> #REF! | CP26: =CO26-AA26 -> #REF! | CQ26: =DM26 -> 0 | CR26: =DISTRIBUSI!R24 -> 0 | CS26: ='PEMAKAIAN UNIT'!P23 -> 0 | CT26: =CQ26+CR26-CS26 -> 0 | CU26: =CT26-AB26 -> 0 | CV26: =DN26+DISTRIBUSI!#REF!-'PEMAKAIAN UNIT'!Q23 -> #REF! | CW26: =CV26-AC26 -> #REF! | CX26: =DO26+'LPLPO GUDANG'!E29-'LPLPO GUDANG'!G29 -> 0 | CY26: =CX26-AD26 -> 0 | DA26: 0 | DB26: 0 | DD26: 0 | DE26: 0 | DG26: 0 | DH26: 0 | DI26: 0 | DJ26: 0 | DK26: 0 | DL26: 0 | DM26: 0 | DN26: 0 | DO26: 0 | DP26: =SUM(DA26:DO26) -> 0 | DR26: Asam askorbat (vitamin C) tab 50 mg | DU26: =H26+I26+J26+S26+T26+U26+V26+W26+X26+Y26+Z26+AA26+AC26 -> #REF!
A27: =A26+1 -> 16 | B27: Asam mefenamat kaps 500 mg | C27: Ktk @ 100 tablet | D27: 0 | E27: ='LPLPO GUDANG'!E30 -> 1500 | F27: =SUM(D27:E27) -> 1500 | G27: ='PEMAKAIAN UNIT'!R24 -> 0 | H27: 220 | I27: 100 | J27: 0 | S27: 90 | T27: 0 | U27: 40 | V27: 420 | W27: 180 | X27: 120 | Y27: =CH27 -> 0 | Z27: =CM27 -> #REF! | AA27: =CO27 -> #REF! | AB27: 1286 | AC27: =CV27 -> #REF! | AD27: ='LPLPO GUDANG'!H30 -> 1000 | AE27: =SUM(H27:AD27) -> #REF! | AI27: =F27-G27 -> 1500 | AJ27: =AE27-AI27 -> #REF! | AL27: =DA27 -> 280 | AM27: =DISTRIBUSI!D25 -> 0 | AN27: ='PEMAKAIAN UNIT'!D24 -> 0 | AO27: =AL27+AM27-AN27 -> 280 | AP27: =AO27-H27 -> 60 | AQ27: =DB27 -> 10 | AR27: =DISTRIBUSI!E25 -> 0 | AS27: ='PEMAKAIAN UNIT'!E24 -> 0 | AT27: =AQ27+AR27-AS27 -> 10 | AU27: =AT27-I27 -> -90 | AV27: =DC27 -> 230 | AW27: =DISTRIBUSI!F25 -> 0 | AX27: ='PEMAKAIAN UNIT'!F24 -> 0 | AY27: =AV27+AW27-AX27 -> 230 | AZ27: =AY27-J27 -> 230 | BA27: =DD27 -> 90 | BB27: =DISTRIBUSI!G25 -> 0 | BC27: ='PEMAKAIAN UNIT'!G24 -> 0 | BD27: =BA27+BB27-BC27 -> 90 | BE27: =BD27-S27 -> 0 | BF27: =DE27 -> 240 | BG27: =DISTRIBUSI!H25 -> 0 | BH27: ='PEMAKAIAN UNIT'!H24 -> 0 | BI27: =BF27+BG27-BH27 -> 240 | BJ27: =BI27-T27 -> 240 | BK27: =DF27 -> 70 | BL27: =DISTRIBUSI!I25 -> 100 | BM27: ='PEMAKAIAN UNIT'!I24 -> 0 | BN27: =BK27+BL27-BM27 -> 170 | BO27: =BN27-U27 -> 130 | BP27: =DG27 -> 375 | BQ27: =DISTRIBUSI!J25 -> 0 | BR27: ='PEMAKAIAN UNIT'!J24 -> 0 | BS27: =BP27+BQ27-BR27 -> 375 | BT27: =BS27-V27 -> -45 | BU27: =DH27 -> 110 | BV27: =DISTRIBUSI!K25 -> 0 | BW27: ='PEMAKAIAN UNIT'!K24 -> 0 | BX27: =BU27+BV27-BW27 -> 110 | BY27: =BX27-W27 -> -70 | BZ27: =DI27 -> 170 | CA27: =DISTRIBUSI!L25 -> 0 | CB27: ='PEMAKAIAN UNIT'!L24 -> 0 | CC27: =BZ27+CA27-CB27 -> 170 | CD27: =CC27-X27 -> 50 | CE27: =DJ27 -> 0 | CF27: =DISTRIBUSI!M25 -> 0 | CG27: ='PEMAKAIAN UNIT'!M24 -> 0 | CH27: =CE27+CF27-CG27 -> 0 | CI27: =CH27-Y27 -> 0 | CJ27: =DK27 -> 0 | CK27: =DISTRIBUSI!#REF! -> #REF! | CL27: ='PEMAKAIAN UNIT'!N24 -> 0 | CM27: =CJ27+CK27-CL27 -> #REF! | CN27: =CM27-Z27 -> #REF! | CO27: =DL27+DISTRIBUSI!#REF!-'PEMAKAIAN UNIT'!O24 -> #REF! | CP27: =CO27-AA27 -> #REF! | CQ27: =DM27 -> 2097 | CR27: =DISTRIBUSI!R25 -> 1200 | CS27: ='PEMAKAIAN UNIT'!P24 -> 0 | CT27: =CQ27+CR27-CS27 -> 3297 | CU27: =CT27-AB27 -> 2011 | CV27: =DN27+DISTRIBUSI!#REF!-'PEMAKAIAN UNIT'!Q24 -> #REF! | CW27: =CV27-AC27 -> #REF! | CX27: =DO27+'LPLPO GUDANG'!E30-'LPLPO GUDANG'!G30 -> 100 | CY27: =CX27-AD27 -> -900 | DA27: 280 | DB27: 10 | DC27: 230 | DD27: 90 | DE27: 240 | DF27: 70 | DG27: 375 | DH27: 110 | DI27: 170 | DJ27: 0 | DK27: 0 | DL27: 0 | DM27: 2097 | DN27: 0 | DO27: 100 | DP27: =SUM(DA27:DO27) -> 3772 | DR27: Asam mefenamat kaps 500 mg | DU27: =H27+I27+J27+S27+T27+U27+V27+W27+X27+Y27+Z27+AA27+AC27 -> #REF!
